Country Name,ISO 2,ISO 3,ISO 2,Country Name,Name that should be used for Excel map charts,GNR Region,Income Group,LDC,SIDS,DAC Member,Dev Country,Fragility,2018 Population,FCAS,GNR Subregion,Resource-Rich,PRCR,CBLB,Poverty rate above 30%,Poverty rate below 2%
Afghanistan,AF,AFG,AF,Afghanistan,Afghanistan,Asia,LIC,LDC,Non SIDS,Non DAC,Developing Country,Extremely fragile,37172386,,Southern Asia,Non resource-rich,PRCR,1,,
Aland Islands,AX,ALA,AX,Aland Islands,,Europe,,Non LDC,Non SIDS,Non DAC,Not Developing,Not Fragile,,,Northern Europe,Non resource-rich,Non PRCR,0,,
Albania,AL,ALB,AL,Albania,Albania,Europe,UMIC,Non LDC,Non SIDS,Non DAC,Developing Country,Not fragile,2866376,,Southern Europe,Non resource-rich,Non PRCR,0,0,1
Algeria,DZ,DZA,DZ,Algeria,Algeria,Africa,UMIC,Non LDC,Non SIDS,Non DAC,Developing Country,Not fragile,42228429,,Northern Africa,Non resource-rich,Non PRCR,0,0,1
American Samoa,AS,ASM,AS,American Samoa,,Oceania,UMIC,Non LDC,SIDS,Non DAC,Not Developing,Not Fragile,55465,,Polynesia,Non resource-rich,Non PRCR,0,,
Andorra,AD,AND,AD,Andorra,Andorra,Europe,HIC,Non LDC,Non SIDS,Non DAC,Not Developing,Not Fragile,77006,,Southern Europe,Non resource-rich,Non PRCR,0,,
Angola,AO,AGO,AO,Angola,Angola,Africa,LMIC,LDC,Non SIDS,Non DAC,Developing Country,Fragile,30809762,,Middle Africa,Resource-rich,PRCR,0,0,0
Anguilla,AI,AIA,AI,Anguilla,,Latin America and the Caribbean,,Non LDC,SIDS,Non DAC,Not Developing,Not Fragile,,,Caribbean,Non resource-rich,Non PRCR,0,,
Antarctica,AQ,ATA,AQ,Antarctica,,0,,Non LDC,Non SIDS,Non DAC,Not Developing,Not Fragile,,,0,Non resource-rich,Non PRCR,0,,
Antigua and Barbuda,AG,ATG,AG,Antigua and Barbuda,Antigua and Barbuda,Latin America and the Caribbean,HIC,Non LDC,SIDS,Non DAC,Developing Country,Not fragile,96286,,Caribbean,Non resource-rich,Non PRCR,0,,
Antigua & Barbuda,AG,ATG,AG,Antigua & Barbuda,Antigua and Barbuda,Latin America and the Caribbean,HIC,Non LDC,SIDS,Non DAC,Developing Country,Not fragile,96286,,Caribbean,Non resource-rich,Non PRCR,0,,
Argentina,AR,ARG,AR,Argentina,Argentina,Latin America and the Caribbean,UMIC,Non LDC,Non SIDS,Non DAC,Developing Country,Not fragile,44494502,,South America,Non resource-rich,Non PRCR,0,,
Armenia,AM,ARM,AM,Armenia,Armenia,Asia,UMIC,Non LDC,Non SIDS,Non DAC,Developing Country,Not fragile,2951776,,Western Asia,Non resource-rich,Non PRCR,0,0,1
Aruba,AW,ABW,AW,Aruba,,Latin America and the Caribbean,HIC,Non LDC,SIDS,Non DAC,Not Developing,Not Fragile,105845,,Caribbean,Non resource-rich,Non PRCR,0,,
Australia,AU,AUS,AU,Australia,Australia,Oceania,HIC,Non LDC,Non SIDS,DAC,Not Developing,Not Fragile,24992369,FCAS,Australia and New Zealand,Non resource-rich,Non PRCR,0,0,1
Austria,AT,AUT,AT,Austria,Austria,Europe,HIC,Non LDC,Non SIDS,DAC,Not Developing,Not Fragile,8847037,,Western Europe,Non resource-rich,Non PRCR,0,0,1
Azerbaijan,AZ,AZE,AZ,Azerbaijan,Azerbaijan,Asia,UMIC,Non LDC,Non SIDS,Non DAC,Developing Country,Not fragile,9942334,,Western Asia,Non resource-rich,Non PRCR,0,0,1
Bahamas,BS,BHS,BS,Bahamas,Bahamas,Latin America and the Caribbean,HIC,Non LDC,SIDS,Non DAC,Not Developing,Not Fragile,385640,,Caribbean,Non resource-rich,Non PRCR,0,,
The Bahamas,BS,BHS,BS,The Bahamas,Bahamas,Latin America and the Caribbean,HIC,Non LDC,SIDS,Non DAC,Not Developing,Not Fragile,385640,,Caribbean,Non resource-rich,Non PRCR,0,,
"Bahamas, the",BS,BHS,BS,"Bahamas, the",Bahamas,Latin America and the Caribbean,HIC,Non LDC,SIDS,Non DAC,Not Developing,Not Fragile,385640,,Caribbean,Non resource-rich,Non PRCR,0,,
Bahrain,BH,BHR,BH,Bahrain,Bahrain,Asia,HIC,Non LDC,Non SIDS,Non DAC,Not Developing,Not Fragile,1569439,FCAS,Western Asia,Non resource-rich,Non PRCR,0,,
Bangladesh,BD,BGD,BD,Bangladesh,Bangladesh,Asia,LMIC,LDC,Non SIDS,Non DAC,Developing Country,Fragile,161356039,,Southern Asia,Non resource-rich,Non PRCR,0,0,0
Barbados,BB,BRB,BB,Barbados,Barbados,Latin America and the Caribbean,HIC,Non LDC,SIDS,Non DAC,Not Developing,Not Fragile,286641,FCAS,Caribbean,Non resource-rich,Non PRCR,0,,
Belarus,BY,BLR,BY,Belarus,Belarus,Europe,UMIC,Non LDC,Non SIDS,Non DAC,Developing Country,Not fragile,9485386,,Eastern Europe,Non resource-rich,Non PRCR,0,0,1
Belgium,BE,BEL,BE,Belgium,Belgium,Europe,HIC,Non LDC,Non SIDS,DAC,Not Developing,Not Fragile,11422068,,Western Europe,Non resource-rich,Non PRCR,0,0,1
Belize,BZ,BLZ,BZ,Belize,Belize,Latin America and the Caribbean,UMIC,Non LDC,SIDS,Non DAC,Developing Country,Not fragile,383071,,Central America,Non resource-rich,Non PRCR,0,0,0
Benin,BJ,BEN,BJ,Benin,Benin,Africa,LIC,LDC,Non SIDS,Non DAC,Developing Country,Not fragile,11485048,,Western Africa,Non resource-rich,Non PRCR,1,1,0
Bermuda,BM,BMU,BM,Bermuda,,N. America,HIC,Non LDC,SIDS,Non DAC,Not Developing,Not Fragile,63968,,Northern America,Non resource-rich,Non PRCR,0,,
Bhutan,BT,BTN,BT,Bhutan,Bhutan,Asia,LMIC,LDC,Non SIDS,Non DAC,Developing Country,Not fragile,754394,,Southern Asia,Non resource-rich,Non PRCR,0,0,1
Bolivia,BO,BOL,BO,Bolivia,Bolivia,Latin America and the Caribbean,LMIC,Non LDC,Non SIDS,Non DAC,Developing Country,Not fragile,11353142,,South America,Resource-rich,Non PRCR,0,0,0
Bolivia (Plurinational State of),BO,BOL,BO,Bolivia (Plurinational State of),Bolivia,Latin America and the Caribbean,LMIC,Non LDC,Non SIDS,Non DAC,Developing Country,Not fragile,11353142,,South America,Resource-rich,Non PRCR,0,0,0
"Bonaire, Sint Eustatius and Saba",BQ,BES,BQ,"Bonaire, Sint Eustatius and Saba",,Latin America and the Caribbean,,Non LDC,Non SIDS,Non DAC,Not Developing,Not Fragile,,,Caribbean,Non resource-rich,Non PRCR,0,,
Bosnia and Herzegovina,BA,BIH,BA,Bosnia and Herzegovina,Bosnia and Herzegovina,Europe,UMIC,Non LDC,Non SIDS,Non DAC,Developing Country,Not fragile,3323929,,Southern Europe,Non resource-rich,Non PRCR,0,0,1
Bosnia & Herzegovina,BA,BIH,BA,Bosnia & Herzegovina,Bosnia and Herzegovina,Europe,UMIC,Non LDC,Non SIDS,Non DAC,Developing Country,Not fragile,3323929,,Southern Europe,Non resource-rich,Non PRCR,0,0,1
Bosnia Herzegovina,BA,BIH,BA,Bosnia Herzegovina,Bosnia and Herzegovina,Europe,UMIC,Non LDC,Non SIDS,Non DAC,Developing Country,Not fragile,3323929,,Southern Europe,Non resource-rich,Non PRCR,0,0,1
Botswana,BW,BWA,BW,Botswana,Botswana,Africa,UMIC,Non LDC,Non SIDS,Non DAC,Developing Country,Not fragile,2254126,,Southern Africa,Non resource-rich,Non PRCR,0,0,0
Bouvet Island,BV,BVT,BV,Bouvet Island,,Latin America and the Caribbean,,Non LDC,Non SIDS,Non DAC,Not Developing,Not Fragile,,,South America,Non resource-rich,Non PRCR,0,,
Brazil,BR,BRA,BR,Brazil,Brazil,Latin America and the Caribbean,UMIC,Non LDC,Non SIDS,Non DAC,Developing Country,Not fragile,209469333,,South America,Non resource-rich,Non PRCR,0,0,0
British Virgin Islands,VG,VGB,VG,British Virgin Islands,,Latin America and the Caribbean,HIC,Non LDC,SIDS,Non DAC,Not Developing,Not Fragile,29802,,Caribbean,Non resource-rich,Non PRCR,0,,
British Indian Ocean Territory,IO,IOT,IO,British Indian Ocean Territory,,Africa,,Non LDC,Non SIDS,Non DAC,Not Developing,Not Fragile,,,Eastern Africa,Non resource-rich,Non PRCR,0,,
Brunei Darussalam,BN,BRN,BN,Brunei Darussalam,Brunei Darussalam,Asia,HIC,Non LDC,Non SIDS,Non DAC,Not Developing,Not Fragile,428962,FCAS,South-eastern Asia,Non resource-rich,Non PRCR,0,,
Brunei,BN,BRN,BN,Brunei,Brunei Darussalam,Asia,HIC,Non LDC,Non SIDS,Non DAC,Not Developing,Not Fragile,428962,FCAS,South-eastern Asia,Non resource-rich,Non PRCR,0,,
Bulgaria,BG,BGR,BG,Bulgaria,Bulgaria,Europe,UMIC,Non LDC,Non SIDS,Non DAC,Not Developing,Not Fragile,7024216,,Eastern Europe,Non resource-rich,Non PRCR,0,0,1
Burkina Faso,BF,BFA,BF,Burkina Faso,Burkina Faso,Africa,LIC,LDC,Non SIDS,Non DAC,Developing Country,Fragile,19751535,,Western Africa,Non resource-rich,PRCR,0,1,0
Burundi,BI,BDI,BI,Burundi,Burundi,Africa,LIC,LDC,Non SIDS,Non DAC,Developing Country,Extremely fragile,11175378,,Eastern Africa,Non resource-rich,PRCR,1,1,0
Cambodia,KH,KHM,KH,Cambodia,Cambodia,Asia,LMIC,LDC,Non SIDS,Non DAC,Developing Country,Not fragile,16249798,,South-eastern Asia,Non resource-rich,Non PRCR,0,,
Cameroon,CM,CMR,CM,Cameroon,Cameroon,Africa,LMIC,Non LDC,Non SIDS,Non DAC,Developing Country,Fragile,25216237,,Middle Africa,Resource-rich,Non PRCR,0,0,0
Canada,CA,CAN,CA,Canada,Canada,N. America,HIC,Non LDC,Non SIDS,DAC,Not Developing,Not Fragile,37058856,FCAS,Northern America,Non resource-rich,Non PRCR,0,0,1
Cape Verde,CV,CPV,CV,Cape Verde,Cabo Verde,Africa,LMIC,Non LDC,SIDS,Non DAC,Developing Country,Not fragile,543767,,Western Africa,Non resource-rich,Non PRCR,0,0,0
Cabo Verde,CV,CPV,CV,Cabo Verde,Cabo Verde,Africa,LMIC,Non LDC,SIDS,Non DAC,Developing Country,Not fragile,543767,,Western Africa,Non resource-rich,Non PRCR,0,0,0
Cabo Verde Republic of,CV,CPV,CV,Cabo Verde Republic of,Cabo Verde,Africa,LMIC,Non LDC,SIDS,Non DAC,Developing Country,Not fragile,543767,,Western Africa,Non resource-rich,Non PRCR,0,0,0
Cayman Islands,KY,CYM,KY,Cayman Islands,,Latin America and the Caribbean,HIC,Non LDC,SIDS,Non DAC,Not Developing,Not Fragile,64174,,Caribbean,Non resource-rich,Non PRCR,0,,
Central African Republic,CF,CAF,CF,Central African Republic,Central African Republic,Africa,LIC,LDC,Non SIDS,Non DAC,Developing Country,Extremely fragile,4666377,,Middle Africa,Non resource-rich,PRCR,1,1,0
C.A.R.,CF,CAF,CF,C.A.R.,Central African Republic,Africa,LIC,LDC,Non SIDS,Non DAC,Developing Country,Extremely fragile,4666377,,Middle Africa,Non resource-rich,PRCR,1,1,0
CAR,CF,CAF,CF,CAR,Central African Republic,Africa,LIC,LDC,Non SIDS,Non DAC,Developing Country,Extremely fragile,4666377,,Middle Africa,Non resource-rich,PRCR,1,1,0
Chad,TD,TCD,TD,Chad,Chad,Africa,LIC,LDC,Non SIDS,Non DAC,Developing Country,Extremely fragile,15477751,,Middle Africa,Resource-rich,PRCR,1,1,0
Chile,CL,CHL,CL,Chile,Chile,Latin America and the Caribbean,HIC,Non LDC,Non SIDS,Non DAC,Developing Country,Not fragile,18729160,FCAS,South America,Non resource-rich,Non PRCR,0,0,1
China,CN,CHN,CN,China,China,Asia,UMIC,Non LDC,Non SIDS,Non DAC,Developing Country,Not fragile,1392730000,,Eastern Asia,Non resource-rich,Non PRCR,0,0,1
"China, People's Republic of",CN,CHN,CN,"China, People's Republic of",China,Asia,UMIC,Non LDC,Non SIDS,Non DAC,Developing Country,Not fragile,1392730000,,Eastern Asia,Non resource-rich,Non PRCR,0,0,1
People's Republic of China,CN,CHN,CN,People's Republic of China,China,Asia,UMIC,Non LDC,Non SIDS,Non DAC,Developing Country,Not fragile,1392730000,,Eastern Asia,Non resource-rich,Non PRCR,0,0,1
China (People's Republic of),CN,CHN,CN,China (People's Republic of),China,Asia,UMIC,Non LDC,Non SIDS,Non DAC,Developing Country,Not fragile,1392730000,,Eastern Asia,Non resource-rich,Non PRCR,0,0,1
"China, People's Rep. of",CN,CHN,CN,"China, People's Rep. of",China,Asia,UMIC,Non LDC,Non SIDS,Non DAC,Developing Country,Not fragile,1392730000,,Eastern Asia,Non resource-rich,Non PRCR,0,0,1
People's Rep. of China,CN,CHN,CN,People's Rep. of China,China,Asia,UMIC,Non LDC,Non SIDS,Non DAC,Developing Country,Not fragile,1392730000,,Eastern Asia,Non resource-rich,Non PRCR,0,0,1
"Hong Kong, SAR China",HK,HKG,HK,"Hong Kong, SAR China",,Asia,HIC,Non LDC,Non SIDS,Non DAC,Not Developing,Not Fragile,7451000,,Eastern Asia,Non resource-rich,Non PRCR,0,,
"Hong Kong SAR, China",HK,HKG,HK,"Hong Kong SAR, China",,Asia,HIC,Non LDC,Non SIDS,Non DAC,Not Developing,Not Fragile,7451000,,Eastern Asia,Non resource-rich,Non PRCR,0,,
Hong Kong SAR,HK,HKG,HK,Hong Kong SAR,,Asia,HIC,Non LDC,Non SIDS,Non DAC,Not Developing,Not Fragile,7451000,,Eastern Asia,Non resource-rich,Non PRCR,0,,
Hong Kong,HK,HKG,HK,Hong Kong,,Asia,HIC,Non LDC,Non SIDS,Non DAC,Not Developing,Not Fragile,7451000,,Eastern Asia,Non resource-rich,Non PRCR,0,,
"Hong Kong, China",HK,HKG,HK,"Hong Kong, China",,Asia,HIC,Non LDC,Non SIDS,Non DAC,Not Developing,Not Fragile,7451000,,Eastern Asia,Non resource-rich,Non PRCR,0,,
"China, Hong Kong SAR",HK,HKG,HK,"China, Hong Kong SAR",,Asia,HIC,Non LDC,Non SIDS,Non DAC,Not Developing,Not Fragile,7451000,,Eastern Asia,Non resource-rich,Non PRCR,0,,
China (Hong Kong SAR),HK,HKG,HK,China (Hong Kong SAR),,Asia,HIC,Non LDC,Non SIDS,Non DAC,Not Developing,Not Fragile,7451000,,Eastern Asia,Non resource-rich,Non PRCR,0,,
"China, Macao SAR",MO,MAC,MO,"China, Macao SAR",,Asia,HIC,Non LDC,Non SIDS,Non DAC,Not Developing,Not Fragile,631636,,Eastern Asia,Non resource-rich,Non PRCR,0,,
"Macao, SAR China",MO,MAC,MO,"Macao, SAR China",,Asia,HIC,Non LDC,Non SIDS,Non DAC,Not Developing,Not Fragile,631636,,Eastern Asia,Non resource-rich,Non PRCR,0,,
"Macao SAR, China",MO,MAC,MO,"Macao SAR, China",,Asia,HIC,Non LDC,Non SIDS,Non DAC,Not Developing,Not Fragile,631636,,Eastern Asia,Non resource-rich,Non PRCR,0,,
Macao SAR,MO,MAC,MO,Macao SAR,,Asia,HIC,Non LDC,Non SIDS,Non DAC,Not Developing,Not Fragile,631636,,Eastern Asia,Non resource-rich,Non PRCR,0,,
Macao,MO,MAC,MO,Macao,,Asia,HIC,Non LDC,Non SIDS,Non DAC,Not Developing,Not Fragile,631636,,Eastern Asia,Non resource-rich,Non PRCR,0,,
Christmas Island,CX,CXR,CX,Christmas Island,,Oceania,,Non LDC,Non SIDS,Non DAC,Not Developing,Not Fragile,,,Australia and New Zealand,Non resource-rich,Non PRCR,0,,
Cocos (Keeling) Islands,CC,CCK,CC,Cocos (Keeling) Islands,,Oceania,,Non LDC,Non SIDS,Non DAC,Not Developing,Not Fragile,,,Australia and New Zealand,Non resource-rich,Non PRCR,0,,
Colombia,CO,COL,CO,Colombia,Colombia,Latin America and the Caribbean,UMIC,Non LDC,Non SIDS,Non DAC,Developing Country,Not fragile,49648685,,South America,Non resource-rich,Non PRCR,0,0,0
Comoros,KM,COM,KM,Comoros,Comoros,Africa,LMIC,LDC,SIDS,Non DAC,Developing Country,Fragile,832322,,Eastern Africa,Non resource-rich,Non PRCR,0,0,0
Republic of the Congo,CG,COG,CG,Republic of the Congo,Republic of the Congo,Africa,LMIC,Non LDC,Non SIDS,Non DAC,Developing Country,Fragile,5244363,,Middle Africa,Resource-rich,Non PRCR,1,1,0
Congo (Brazzaville),CG,COG,CG,Congo (Brazzaville),Republic of the Congo,Africa,LMIC,Non LDC,Non SIDS,Non DAC,Developing Country,Fragile,5244363,,Middle Africa,Resource-rich,Non PRCR,1,1,0
"Congo, (Brazzaville)",CG,COG,CG,"Congo, (Brazzaville)",Republic of the Congo,Africa,LMIC,Non LDC,Non SIDS,Non DAC,Developing Country,Fragile,5244363,,Middle Africa,Resource-rich,Non PRCR,1,1,0
Congo-Brazzaville,CG,COG,CG,Congo-Brazzaville,Republic of the Congo,Africa,LMIC,Non LDC,Non SIDS,Non DAC,Developing Country,Fragile,5244363,,Middle Africa,Resource-rich,Non PRCR,1,1,0
"Congo, Rep",CG,COG,CG,"Congo, Rep",Republic of the Congo,Africa,LMIC,Non LDC,Non SIDS,Non DAC,Developing Country,Fragile,5244363,,Middle Africa,Resource-rich,Non PRCR,1,1,0
"Congo, Rep.",CG,COG,CG,"Congo, Rep.",Republic of the Congo,Africa,LMIC,Non LDC,Non SIDS,Non DAC,Developing Country,Fragile,5244363,,Middle Africa,Resource-rich,Non PRCR,1,1,0
Congo Rep.,CG,COG,CG,Congo Rep.,Republic of the Congo,Africa,LMIC,Non LDC,Non SIDS,Non DAC,Developing Country,Fragile,5244363,,Middle Africa,Resource-rich,Non PRCR,1,1,0
"Congo, Republic of",CG,COG,CG,"Congo, Republic of",Republic of the Congo,Africa,LMIC,Non LDC,Non SIDS,Non DAC,Developing Country,Fragile,5244363,,Middle Africa,Resource-rich,Non PRCR,1,1,0
Republic of Congo,CG,COG,CG,Republic of Congo,Republic of the Congo,Africa,LMIC,Non LDC,Non SIDS,Non DAC,Developing Country,Fragile,5244363,,Middle Africa,Resource-rich,Non PRCR,1,1,0
Congo,CG,COG,CG,Congo,Republic of the Congo,Africa,LMIC,Non LDC,Non SIDS,Non DAC,Developing Country,Fragile,5244363,,Middle Africa,Resource-rich,Non PRCR,1,1,0
Democratic Republic of the Congo,CD,COD,CD,Democratic Republic of the Congo,Democratic Republic of the Congo,Africa,LIC,LDC,Non SIDS,Non DAC,Developing Country,Extremely fragile,84068091,,Middle Africa,Resource-rich,PRCR,1,1,0
Democratic Republic of the Congo (DRC),CD,COD,CD,Democratic Republic of the Congo (DRC),Democratic Republic of the Congo,Africa,LIC,LDC,Non SIDS,Non DAC,Developing Country,Extremely fragile,84068091,,Middle Africa,Resource-rich,PRCR,1,1,0
Democratic Republic of Congo,CD,COD,CD,Democratic Republic of Congo,Democratic Republic of the Congo,Africa,LIC,LDC,Non SIDS,Non DAC,Developing Country,Extremely fragile,84068091,,Middle Africa,Resource-rich,PRCR,1,1,0
Democratic Rep. of the Congo,CD,COD,CD,Democratic Rep. of the Congo,Democratic Republic of the Congo,Africa,LIC,LDC,Non SIDS,Non DAC,Developing Country,Extremely fragile,84068091,,Middle Africa,Resource-rich,PRCR,1,1,0
Democratic Republic Congo,CD,COD,CD,Democratic Republic Congo,Democratic Republic of the Congo,Africa,LIC,LDC,Non SIDS,Non DAC,Developing Country,Extremely fragile,84068091,,Middle Africa,Resource-rich,PRCR,1,1,0
Dem. Rep. of the Congo,CD,COD,CD,Dem. Rep. of the Congo,Democratic Republic of the Congo,Africa,LIC,LDC,Non SIDS,Non DAC,Developing Country,Extremely fragile,84068091,,Middle Africa,Resource-rich,PRCR,1,1,0
Dem. Rep. Congo,CD,COD,CD,Dem. Rep. Congo,Democratic Republic of the Congo,Africa,LIC,LDC,Non SIDS,Non DAC,Developing Country,Extremely fragile,84068091,,Middle Africa,Resource-rich,PRCR,1,1,0
DR Congo,CD,COD,CD,DR Congo,Democratic Republic of the Congo,Africa,LIC,LDC,Non SIDS,Non DAC,Developing Country,Extremely fragile,84068091,,Middle Africa,Resource-rich,PRCR,1,1,0
DRC,CD,COD,CD,DRC,Democratic Republic of the Congo,Africa,LIC,LDC,Non SIDS,Non DAC,Developing Country,Extremely fragile,84068091,,Middle Africa,Resource-rich,PRCR,1,1,0
D.R.C.,CD,COD,CD,D.R.C.,Democratic Republic of the Congo,Africa,LIC,LDC,Non SIDS,Non DAC,Developing Country,Extremely fragile,84068091,,Middle Africa,Resource-rich,PRCR,1,1,0
Congo (Kinshasa),CD,COD,CD,Congo (Kinshasa),Democratic Republic of the Congo,Africa,LIC,LDC,Non SIDS,Non DAC,Developing Country,Extremely fragile,84068091,,Middle Africa,Resource-rich,PRCR,1,1,0
"Congo, (Kinshasa)",CD,COD,CD,"Congo, (Kinshasa)",Democratic Republic of the Congo,Africa,LIC,LDC,Non SIDS,Non DAC,Developing Country,Extremely fragile,84068091,,Middle Africa,Resource-rich,PRCR,1,1,0
Congo-Kinshasa,CD,COD,CD,Congo-Kinshasa,Democratic Republic of the Congo,Africa,LIC,LDC,Non SIDS,Non DAC,Developing Country,Extremely fragile,84068091,,Middle Africa,Resource-rich,PRCR,1,1,0
"Congo, The Democratic Republic of the",CD,COD,CD,"Congo, The Democratic Republic of the",Democratic Republic of the Congo,Africa,LIC,LDC,Non SIDS,Non DAC,Developing Country,Extremely fragile,84068091,,Middle Africa,Resource-rich,PRCR,1,1,0
"Congo, Democratic Republic of",CD,COD,CD,"Congo, Democratic Republic of",Democratic Republic of the Congo,Africa,LIC,LDC,Non SIDS,Non DAC,Developing Country,Extremely fragile,84068091,,Middle Africa,Resource-rich,PRCR,1,1,0
"Congo, Democratic Republic",CD,COD,CD,"Congo, Democratic Republic",Democratic Republic of the Congo,Africa,LIC,LDC,Non SIDS,Non DAC,Developing Country,Extremely fragile,84068091,,Middle Africa,Resource-rich,PRCR,1,1,0
"Congo, Democratic Rep. of",CD,COD,CD,"Congo, Democratic Rep. of",Democratic Republic of the Congo,Africa,LIC,LDC,Non SIDS,Non DAC,Developing Country,Extremely fragile,84068091,,Middle Africa,Resource-rich,PRCR,1,1,0
"Congo, Democratic Rep.",CD,COD,CD,"Congo, Democratic Rep.",Democratic Republic of the Congo,Africa,LIC,LDC,Non SIDS,Non DAC,Developing Country,Extremely fragile,84068091,,Middle Africa,Resource-rich,PRCR,1,1,0
"Congo, Dem. Rep. of",CD,COD,CD,"Congo, Dem. Rep. of",Democratic Republic of the Congo,Africa,LIC,LDC,Non SIDS,Non DAC,Developing Country,Extremely fragile,84068091,,Middle Africa,Resource-rich,PRCR,1,1,0
"Congo, Dem. Rep.",CD,COD,CD,"Congo, Dem. Rep.",Democratic Republic of the Congo,Africa,LIC,LDC,Non SIDS,Non DAC,Developing Country,Extremely fragile,84068091,,Middle Africa,Resource-rich,PRCR,1,1,0
Cook Islands,CK,COK,CK,Cook Islands,,Oceania,,Non LDC,SIDS,Non DAC,Developing Country,Not fragile,,,Polynesia,Non resource-rich,Non PRCR,0,,
Costa Rica,CR,CRI,CR,Costa Rica,Costa Rica,Latin America and the Caribbean,UMIC,Non LDC,Non SIDS,Non DAC,Developing Country,Not fragile,4999441,,Central America,Non resource-rich,Non PRCR,0,0,1
Côte d'Ivoire,CI,CIV,CI,Côte d'Ivoire,Ivory Coast,Africa,LMIC,Non LDC,Non SIDS,Non DAC,Developing Country,Fragile,25069229,,Western Africa,Resource-rich,PRCR,0,0,0
Cote d'Ivoire,CI,CIV,CI,Cote d'Ivoire,Ivory Coast,Africa,LMIC,Non LDC,Non SIDS,Non DAC,Developing Country,Fragile,25069229,,Western Africa,Resource-rich,PRCR,0,0,0
Côte-d'Ivoire,CI,CIV,CI,Côte-d'Ivoire,Ivory Coast,Africa,LMIC,Non LDC,Non SIDS,Non DAC,Developing Country,Fragile,25069229,,Western Africa,Resource-rich,PRCR,0,0,0
Ivory Coast,CI,CIV,CI,Ivory Coast,Ivory Coast,Africa,LMIC,Non LDC,Non SIDS,Non DAC,Developing Country,Fragile,25069229,,Western Africa,Resource-rich,PRCR,0,0,0
Croatia,HR,HRV,HR,Croatia,Croatia,Europe,HIC,Non LDC,Non SIDS,Non DAC,Not Developing,Not Fragile,4089400,,Southern Europe,Non resource-rich,Non PRCR,0,0,1
Cuba,CU,CUB,CU,Cuba,Cuba,Latin America and the Caribbean,UMIC,Non LDC,SIDS,Non DAC,Developing Country,Not fragile,11338138,,Caribbean,Non resource-rich,Non PRCR,0,,
Curaçao,CW,CUW,CW,Curaçao,,Latin America and the Caribbean,HIC,Non LDC,SIDS,Non DAC,Not Developing,Not Fragile,159849,,Caribbean,Non resource-rich,Non PRCR,0,,
Curacao,CW,CUW,CW,Curacao,,Latin America and the Caribbean,HIC,Non LDC,SIDS,Non DAC,Not Developing,Not Fragile,159849,,Caribbean,Non resource-rich,Non PRCR,0,,
Cyprus,CY,CYP,CY,Cyprus,Cyprus,Asia,HIC,Non LDC,Non SIDS,Non DAC,Not Developing,Not Fragile,1189265,,Western Asia,Non resource-rich,Non PRCR,0,0,1
Czech Republic,CZ,CZE,CZ,Czech Republic,Czechia,Europe,HIC,Non LDC,Non SIDS,DAC,Not Developing,Not Fragile,10625695,FCAS,Eastern Europe,Non resource-rich,Non PRCR,0,0,1
Czechia,CZ,CZE,CZ,Czechia,Czechia,Europe,HIC,Non LDC,Non SIDS,DAC,Not Developing,Not Fragile,10625695,FCAS,Eastern Europe,Non resource-rich,Non PRCR,0,0,1
Denmark,DK,DNK,DK,Denmark,Denmark,Europe,HIC,Non LDC,Non SIDS,DAC,Not Developing,Not Fragile,5797446,,Northern Europe,Non resource-rich,Non PRCR,0,0,1
Djibouti,DJ,DJI,DJ,Djibouti,Djibouti,Africa,LMIC,LDC,Non SIDS,Non DAC,Developing Country,Fragile,958920,,Eastern Africa,Non resource-rich,PRCR,0,0,0
Dominica,DM,DMA,DM,Dominica,Dominica,Latin America and the Caribbean,UMIC,Non LDC,SIDS,Non DAC,Developing Country,Not fragile,71625,,Caribbean,Non resource-rich,Non PRCR,0,,
Dominican Republic,DO,DOM,DO,Dominican Republic,Dominican Republic,Latin America and the Caribbean,UMIC,Non LDC,SIDS,Non DAC,Developing Country,Not fragile,10627165,,Caribbean,Non resource-rich,Non PRCR,0,0,1
Ecuador,EC,ECU,EC,Ecuador,Ecuador,Latin America and the Caribbean,UMIC,Non LDC,Non SIDS,Non DAC,Developing Country,Not fragile,17084357,,South America,Non resource-rich,Non PRCR,0,0,0
Egypt,EG,EGY,EG,Egypt,Egypt,Africa,LMIC,Non LDC,Non SIDS,Non DAC,Developing Country,Fragile,98423595,,Northern Africa,Non resource-rich,Non PRCR,0,0,1
"Egypt, Arab Republic of",EG,EGY,EG,"Egypt, Arab Republic of",Egypt,Africa,LMIC,Non LDC,Non SIDS,Non DAC,Developing Country,Fragile,98423595,,Northern Africa,Non resource-rich,Non PRCR,0,0,1
"Egypt, Arab Rep.",EG,EGY,EG,"Egypt, Arab Rep.",Egypt,Africa,LMIC,Non LDC,Non SIDS,Non DAC,Developing Country,Fragile,98423595,,Northern Africa,Non resource-rich,Non PRCR,0,0,1
El Salvador,SV,SLV,SV,El Salvador,El Salvador,Latin America and the Caribbean,LMIC,Non LDC,Non SIDS,Non DAC,Developing Country,Not fragile,6420744,,Central America,Non resource-rich,Non PRCR,0,0,1
Equatorial Guinea,GQ,GNQ,GQ,Equatorial Guinea,Equatorial Guinea,Africa,UMIC,Non LDC,Non SIDS,Non DAC,Developing Country,Fragile,1308974,,Middle Africa,Resource-rich,Non PRCR,0,,
Eritrea,ER,ERI,ER,Eritrea,Eritrea,Africa,LIC,LDC,Non SIDS,Non DAC,Developing Country,Extremely fragile,6047000,,Eastern Africa,Non resource-rich,PRCR,1,,
Estonia,EE,EST,EE,Estonia,Estonia,Europe,HIC,Non LDC,Non SIDS,Non DAC,Not Developing,Not Fragile,1320884,,Northern Europe,Non resource-rich,Non PRCR,0,0,1
Ethiopia,ET,ETH,ET,Ethiopia,Ethiopia,Africa,LIC,LDC,Non SIDS,Non DAC,Developing Country,Extremely fragile,109224559,,Eastern Africa,Non resource-rich,Non PRCR,0,0,0
Falkland Islands (Malvinas),FK,FLK,FK,Falkland Islands (Malvinas),,Latin America and the Caribbean,,Non LDC,Non SIDS,Non DAC,Not Developing,Not Fragile,,,South America,Non resource-rich,Non PRCR,0,,
Faroe Islands,FO,FRO,FO,Faroe Islands,,Europe,HIC,Non LDC,Non SIDS,Non DAC,Not Developing,Not Fragile,48497,,Northern Europe,Non resource-rich,Non PRCR,0,,
Faeroe Islands,FO,FRO,FO,Faeroe Islands,,Europe,HIC,Non LDC,Non SIDS,Non DAC,Not Developing,Not Fragile,48497,,Northern Europe,Non resource-rich,Non PRCR,0,,
Fiji,FJ,FJI,FJ,Fiji,Fiji,Oceania,UMIC,Non LDC,SIDS,Non DAC,Developing Country,Not fragile,883483,,Melanesia,Non resource-rich,Non PRCR,0,0,1
Fiji Islands,FJ,FJI,FJ,Fiji Islands,Fiji,Oceania,UMIC,Non LDC,SIDS,Non DAC,Developing Country,Not fragile,883483,,Melanesia,Non resource-rich,Non PRCR,0,0,1
Finland,FI,FIN,FI,Finland,Finland,Europe,HIC,Non LDC,Non SIDS,DAC,Not Developing,Not Fragile,5518050,,Northern Europe,Non resource-rich,Non PRCR,0,0,1
France,FR,FRA,FR,France,France,Europe,HIC,Non LDC,Non SIDS,DAC,Not Developing,Not Fragile,66987244,,Western Europe,Non resource-rich,Non PRCR,0,0,1
French Guiana,GF,GUF,GF,French Guiana,,Latin America and the Caribbean,,Non LDC,Non SIDS,Non DAC,Not Developing,Not Fragile,,,South America,Non resource-rich,Non PRCR,0,,
French Polynesia,PF,PYF,PF,French Polynesia,,Oceania,HIC,Non LDC,SIDS,Non DAC,Not Developing,Not Fragile,277679,,Polynesia,Non resource-rich,Non PRCR,0,,
French Southern Territories,TF,ATF,TF,French Southern Territories,,Africa,,Non LDC,Non SIDS,Non DAC,Not Developing,Not Fragile,,,Eastern Africa,Non resource-rich,Non PRCR,0,,
Gabon,GA,GAB,GA,Gabon,Gabon,Africa,UMIC,Non LDC,Non SIDS,Non DAC,Developing Country,Not fragile,2119275,,Middle Africa,Resource-rich,Non PRCR,0,0,0
Gambia,GM,GMB,GM,Gambia,Gambia,Africa,LIC,LDC,Non SIDS,Non DAC,Developing Country,Fragile,2280102,,Western Africa,Non resource-rich,Non PRCR,1,0,0
The Gambia,GM,GMB,GM,The Gambia,Gambia,Africa,LIC,LDC,Non SIDS,Non DAC,Developing Country,Fragile,2280102,,Western Africa,Non resource-rich,Non PRCR,1,0,0
"Gambia, the",GM,GMB,GM,"Gambia, the",Gambia,Africa,LIC,LDC,Non SIDS,Non DAC,Developing Country,Fragile,2280102,,Western Africa,Non resource-rich,Non PRCR,1,0,0
Gambia (Republic of The),GM,GMB,GM,Gambia (Republic of The),Gambia,Africa,LIC,LDC,Non SIDS,Non DAC,Developing Country,Fragile,2280102,,Western Africa,Non resource-rich,Non PRCR,1,0,0
Georgia,GE,GEO,GE,Georgia,Georgia,Asia,UMIC,Non LDC,Non SIDS,Non DAC,Developing Country,Not fragile,3731000,,Western Asia,Non resource-rich,Non PRCR,0,0,0
Germany,DE,DEU,DE,Germany,Germany,Europe,HIC,Non LDC,Non SIDS,DAC,Not Developing,Not Fragile,82927922,FCAS,Western Europe,Non resource-rich,Non PRCR,0,0,1
Ghana,GH,GHA,GH,Ghana,Ghana,Africa,LMIC,Non LDC,Non SIDS,Non DAC,Developing Country,Not fragile,29767108,,Western Africa,Non resource-rich,Non PRCR,0,0,0
Gibraltar,GI,GIB,GI,Gibraltar,,Europe,HIC,Non LDC,Non SIDS,Non DAC,Not Developing,Not Fragile,33718,,Southern Europe,Non resource-rich,Non PRCR,0,,
Greece,GR,GRC,GR,Greece,Greece,Europe,HIC,Non LDC,Non SIDS,DAC,Not Developing,Not Fragile,10727668,,Southern Europe,Non resource-rich,Non PRCR,0,0,1
Greenland,GL,GRL,GL,Greenland,,N. America,HIC,Non LDC,Non SIDS,Non DAC,Not Developing,Not Fragile,56025,,Northern America,Non resource-rich,Non PRCR,0,,
Grenada,GD,GRD,GD,Grenada,Grenada,Latin America and the Caribbean,UMIC,Non LDC,SIDS,Non DAC,Developing Country,Not fragile,111454,,Caribbean,Non resource-rich,Non PRCR,0,,
Guadeloupe,GP,GLP,GP,Guadeloupe,,Latin America and the Caribbean,,Non LDC,SIDS,Non DAC,Not Developing,Not Fragile,,,Caribbean,Non resource-rich,Non PRCR,0,,
Guam,GU,GUM,GU,Guam,,Oceania,HIC,Non LDC,SIDS,Non DAC,Not Developing,Not Fragile,165768,,Micronesia,Non resource-rich,Non PRCR,0,,
Guatemala,GT,GTM,GT,Guatemala,Guatemala,Latin America and the Caribbean,UMIC,Non LDC,Non SIDS,Non DAC,Developing Country,Fragile,17247807,,Central America,Non resource-rich,Non PRCR,0,0,0
Guernsey,GG,GGY,GG,Guernsey,,Europe,,Non LDC,Non SIDS,Non DAC,Not Developing,Not Fragile,,,Northern Europe,Non resource-rich,Non PRCR,0,,
Guinea,GN,GIN,GN,Guinea,Guinea,Africa,LIC,LDC,Non SIDS,Non DAC,Developing Country,Fragile,12414318,,Western Africa,Resource-rich,PRCR,1,1,0
Guinea Conarky,GN,GIN,GN,Guinea Conarky,Guinea,Africa,LIC,LDC,Non SIDS,Non DAC,Developing Country,Fragile,12414318,,Western Africa,Resource-rich,PRCR,1,1,0
Guinea-Bissau,GW,GNB,GW,Guinea-Bissau,Guinea-Bissau,Africa,LIC,LDC,SIDS,Non DAC,Developing Country,Fragile,1874309,,Western Africa,Non resource-rich,Non PRCR,1,1,0
Guinea Bissau,GW,GNB,GW,Guinea Bissau,Guinea-Bissau,Africa,LIC,LDC,SIDS,Non DAC,Developing Country,Fragile,1874309,,Western Africa,Non resource-rich,Non PRCR,1,1,0
Guyana,GY,GUY,GY,Guyana,Guyana,Latin America and the Caribbean,UMIC,Non LDC,SIDS,Non DAC,Developing Country,Not fragile,779004,,South America,Resource-rich,Non PRCR,0,0,0
Haiti,HT,HTI,HT,Haiti,Haiti,Latin America and the Caribbean,LIC,LDC,SIDS,Non DAC,Developing Country,Extremely fragile,11123176,,Caribbean,Non resource-rich,Non PRCR,1,0,0
Heard and Mcdonald Islands,HM,HMD,HM,Heard and Mcdonald Islands,,Oceania,,Non LDC,Non SIDS,Non DAC,Not Developing,Not Fragile,,,Australia and New Zealand,Non resource-rich,Non PRCR,0,,
Heard Island and McDonald Islands,HM,HMD,HM,Heard Island and McDonald Islands,,Oceania,,Non LDC,Non SIDS,Non DAC,Not Developing,Not Fragile,,,Australia and New Zealand,Non resource-rich,Non PRCR,0,,
Holy See (Vatican City State),VA,VAT,VA,Holy See (Vatican City State),,Europe,,Non LDC,Non SIDS,Non DAC,Not Developing,Not Fragile,,,Southern Europe,Non resource-rich,Non PRCR,0,,
Holy See,VA,VAT,VA,Holy See,,Europe,,Non LDC,Non SIDS,Non DAC,Not Developing,Not Fragile,,,Southern Europe,Non resource-rich,Non PRCR,0,,
Honduras,HN,HND,HN,Honduras,Honduras,Latin America and the Caribbean,LMIC,Non LDC,Non SIDS,Non DAC,Developing Country,Fragile,9587522,,Central America,Non resource-rich,Non PRCR,0,0,0
Hungary,HU,HUN,HU,Hungary,Hungary,Europe,HIC,Non LDC,Non SIDS,DAC,Not Developing,Not Fragile,9768785,,Eastern Europe,Non resource-rich,Non PRCR,0,0,1
Iceland,IS,ISL,IS,Iceland,Iceland,Europe,HIC,Non LDC,Non SIDS,DAC,Not Developing,Not Fragile,353574,,Northern Europe,Non resource-rich,Non PRCR,0,0,1
India,IN,IND,IN,India,India,Asia,LMIC,Non LDC,Non SIDS,Non DAC,Developing Country,Not fragile,1352617328,,Southern Asia,Non resource-rich,Non PRCR,0,0,0
Indonesia,ID,IDN,ID,Indonesia,Indonesia,Asia,LMIC,Non LDC,Non SIDS,Non DAC,Developing Country,Not fragile,267663435,,South-eastern Asia,Resource-rich,PRCR,0,0,0
Iran,IR,IRN,IR,Iran,Iran,Asia,UMIC,Non LDC,Non SIDS,Non DAC,Developing Country,Fragile,81800269,,Southern Asia,Non resource-rich,Non PRCR,0,0,1
"Iran, Islamic Republic of",IR,IRN,IR,"Iran, Islamic Republic of",Iran,Asia,UMIC,Non LDC,Non SIDS,Non DAC,Developing Country,Fragile,81800269,,Southern Asia,Non resource-rich,Non PRCR,0,0,1
Iran (Islamic Republic of),IR,IRN,IR,Iran (Islamic Republic of),Iran,Asia,UMIC,Non LDC,Non SIDS,Non DAC,Developing Country,Fragile,81800269,,Southern Asia,Non resource-rich,Non PRCR,0,0,1
"Iran, Islamic Rep.",IR,IRN,IR,"Iran, Islamic Rep.",Iran,Asia,UMIC,Non LDC,Non SIDS,Non DAC,Developing Country,Fragile,81800269,,Southern Asia,Non resource-rich,Non PRCR,0,0,1
Islamic Republic of Iran,IR,IRN,IR,Islamic Republic of Iran,Iran,Asia,UMIC,Non LDC,Non SIDS,Non DAC,Developing Country,Fragile,81800269,,Southern Asia,Non resource-rich,Non PRCR,0,0,1
"Iran, Islamic Rep. of",IR,IRN,IR,"Iran, Islamic Rep. of",Iran,Asia,UMIC,Non LDC,Non SIDS,Non DAC,Developing Country,Fragile,81800269,,Southern Asia,Non resource-rich,Non PRCR,0,0,1
"Iran, Islamic Rep of",IR,IRN,IR,"Iran, Islamic Rep of",Iran,Asia,UMIC,Non LDC,Non SIDS,Non DAC,Developing Country,Fragile,81800269,,Southern Asia,Non resource-rich,Non PRCR,0,0,1
Islamic Rep. of Iran,IR,IRN,IR,Islamic Rep. of Iran,Iran,Asia,UMIC,Non LDC,Non SIDS,Non DAC,Developing Country,Fragile,81800269,,Southern Asia,Non resource-rich,Non PRCR,0,0,1
Iraq,IQ,IRQ,IQ,Iraq,Iraq,Asia,UMIC,Non LDC,Non SIDS,Non DAC,Developing Country,Extremely fragile,38433600,,Western Asia,Resource-rich,Non PRCR,0,0,0
Ireland,IE,IRL,IE,Ireland,Ireland,Europe,HIC,Non LDC,Non SIDS,DAC,Not Developing,Not Fragile,4853506,,Northern Europe,Non resource-rich,Non PRCR,0,0,1
Isle of Man,IM,IMN,IM,Isle of Man,,Europe,HIC,Non LDC,Non SIDS,Non DAC,Not Developing,Not Fragile,84077,,Northern Europe,Non resource-rich,Non PRCR,0,,
Israel,IL,ISR,IL,Israel,Israel,Asia,HIC,Non LDC,Non SIDS,Non DAC,Not Developing,Not Fragile,8883800,,Western Asia,Non resource-rich,Non PRCR,0,0,1
Italy,IT,ITA,IT,Italy,Italy,Europe,HIC,Non LDC,Non SIDS,DAC,Not Developing,Not Fragile,60431283,,Southern Europe,Non resource-rich,Non PRCR,0,0,1
Jamaica,JM,JAM,JM,Jamaica,Jamaica,Latin America and the Caribbean,UMIC,Non LDC,SIDS,Non DAC,Developing Country,Not fragile,2934855,,Caribbean,Non resource-rich,Non PRCR,0,0,1
Japan,JP,JPN,JP,Japan,Japan,Asia,HIC,Non LDC,Non SIDS,DAC,Not Developing,Not Fragile,126529100,FCAS,Eastern Asia,Non resource-rich,Non PRCR,0,0,1
Jersey,JE,JEY,JE,Jersey,,Europe,,Non LDC,Non SIDS,Non DAC,Not Developing,Not Fragile,,,Northern Europe,Non resource-rich,Non PRCR,0,,
Jordan,JO,JOR,JO,Jordan,Jordan,Asia,UMIC,Non LDC,Non SIDS,Non DAC,Developing Country,Not fragile,9956011,,Western Asia,Non resource-rich,Non PRCR,0,0,1
Kazakhstan,KZ,KAZ,KZ,Kazakhstan,Kazakhstan,Asia,UMIC,Non LDC,Non SIDS,Non DAC,Developing Country,Not fragile,18276499,,Central Asia,Non resource-rich,Non PRCR,0,0,1
Kenya,KE,KEN,KE,Kenya,Kenya,Africa,LMIC,Non LDC,Non SIDS,Non DAC,Developing Country,Fragile,51393010,,Eastern Africa,Non resource-rich,PRCR,0,1,0
Kiribati,KI,KIR,KI,Kiribati,Kiribati,Oceania,LMIC,LDC,SIDS,Non DAC,Developing Country,Not fragile,115847,,Micronesia,Non resource-rich,Non PRCR,0,0,0
Kosovo,XK,XKX,XK,Kosovo,,#N/A,UMIC,Non LDC,Non SIDS,Non DAC,Developing Country,Not fragile,1845300,,,Non resource-rich,Non PRCR,0,0,1
Democratic People's Republic of Korea,KP,PRK,KP,Democratic People's Republic of Korea,Democratic People's Republic of Korea,Asia,LIC,Non LDC,Non SIDS,Non DAC,Developing Country,Fragile,25549819,,Eastern Asia,Non resource-rich,PRCR,0,,
Korea (North),KP,PRK,KP,Korea (North),Democratic People's Republic of Korea,Asia,LIC,Non LDC,Non SIDS,Non DAC,Developing Country,Fragile,25549819,,Eastern Asia,Non resource-rich,PRCR,0,,
North Korea,KP,PRK,KP,North Korea,Democratic People's Republic of Korea,Asia,LIC,Non LDC,Non SIDS,Non DAC,Developing Country,Fragile,25549819,,Eastern Asia,Non resource-rich,PRCR,0,,
DPRK,KP,PRK,KP,DPRK,Democratic People's Republic of Korea,Asia,LIC,Non LDC,Non SIDS,Non DAC,Developing Country,Fragile,25549819,,Eastern Asia,Non resource-rich,PRCR,0,,
Democratic People's Rep. of Korea,KP,PRK,KP,Democratic People's Rep. of Korea,Democratic People's Republic of Korea,Asia,LIC,Non LDC,Non SIDS,Non DAC,Developing Country,Fragile,25549819,,Eastern Asia,Non resource-rich,PRCR,0,,
Dem. People's Republic of Korea,KP,PRK,KP,Dem. People's Republic of Korea,Democratic People's Republic of Korea,Asia,LIC,Non LDC,Non SIDS,Non DAC,Developing Country,Fragile,25549819,,Eastern Asia,Non resource-rich,PRCR,0,,
"Korea, Democratic People's Republic of",KP,PRK,KP,"Korea, Democratic People's Republic of",Democratic People's Republic of Korea,Asia,LIC,Non LDC,Non SIDS,Non DAC,Developing Country,Fragile,25549819,,Eastern Asia,Non resource-rich,PRCR,0,,
"Korea, Democratic People's Rep. of",KP,PRK,KP,"Korea, Democratic People's Rep. of",Democratic People's Republic of Korea,Asia,LIC,Non LDC,Non SIDS,Non DAC,Developing Country,Fragile,25549819,,Eastern Asia,Non resource-rich,PRCR,0,,
"Korea, Dem. People's Rep. of",KP,PRK,KP,"Korea, Dem. People's Rep. of",Democratic People's Republic of Korea,Asia,LIC,Non LDC,Non SIDS,Non DAC,Developing Country,Fragile,25549819,,Eastern Asia,Non resource-rich,PRCR,0,,
"Korea, Dem. People's Rep.",KP,PRK,KP,"Korea, Dem. People's Rep.",Democratic People's Republic of Korea,Asia,LIC,Non LDC,Non SIDS,Non DAC,Developing Country,Fragile,25549819,,Eastern Asia,Non resource-rich,PRCR,0,,
"Korea, Dem. Rep.",KP,PRK,KP,"Korea, Dem. Rep.",Democratic People's Republic of Korea,Asia,LIC,Non LDC,Non SIDS,Non DAC,Developing Country,Fragile,25549819,,Eastern Asia,Non resource-rich,PRCR,0,,
Korea,KR,KOR,KR,Korea,Republic of Korea,Asia,HIC,Non LDC,Non SIDS,DAC,Not Developing,Not Fragile,51635256,FCAS,Eastern Asia,Non resource-rich,Non PRCR,0,0,1
Korea (South),KR,KOR,KR,Korea (South),Republic of Korea,Asia,HIC,Non LDC,Non SIDS,DAC,Not Developing,Not Fragile,51635256,FCAS,Eastern Asia,Non resource-rich,Non PRCR,0,0,1
South Korea,KR,KOR,KR,South Korea,Republic of Korea,Asia,HIC,Non LDC,Non SIDS,DAC,Not Developing,Not Fragile,51635256,FCAS,Eastern Asia,Non resource-rich,Non PRCR,0,0,1
"Korea, Rep.",KR,KOR,KR,"Korea, Rep.",Republic of Korea,Asia,HIC,Non LDC,Non SIDS,DAC,Not Developing,Not Fragile,51635256,FCAS,Eastern Asia,Non resource-rich,Non PRCR,0,0,1
"Korea, Republic of",KR,KOR,KR,"Korea, Republic of",Republic of Korea,Asia,HIC,Non LDC,Non SIDS,DAC,Not Developing,Not Fragile,51635256,FCAS,Eastern Asia,Non resource-rich,Non PRCR,0,0,1
Republic of Korea,KR,KOR,KR,Republic of Korea,Republic of Korea,Asia,HIC,Non LDC,Non SIDS,DAC,Not Developing,Not Fragile,51635256,FCAS,Eastern Asia,Non resource-rich,Non PRCR,0,0,1
Kuwait,KW,KWT,KW,Kuwait,Kuwait,Asia,HIC,Non LDC,Non SIDS,Non DAC,Not Developing,Not Fragile,4137309,FCAS,Western Asia,Non resource-rich,Non PRCR,0,,
Kyrgyzstan,KG,KGZ,KG,Kyrgyzstan,Kyrgyzstan,Asia,LMIC,Non LDC,Non SIDS,Non DAC,Developing Country,Not fragile,6315800,,Central Asia,Non resource-rich,Non PRCR,0,0,0
Kyrgyz Republic,KG,KGZ,KG,Kyrgyz Republic,Kyrgyzstan,Asia,LMIC,Non LDC,Non SIDS,Non DAC,Developing Country,Not fragile,6315800,,Central Asia,Non resource-rich,Non PRCR,0,0,0
Lao PDR,LA,LAO,LA,Lao PDR,Lao People's Democratic Republic,Asia,LMIC,Non LDC,Non SIDS,Non DAC,Developing Country,Fragile,7061507,,South-eastern Asia,Resource-rich,Non PRCR,0,0,0
Lao P.D.R.,LA,LAO,LA,Lao P.D.R.,Lao People's Democratic Republic,Asia,LMIC,Non LDC,Non SIDS,Non DAC,Developing Country,Fragile,7061507,,South-eastern Asia,Resource-rich,Non PRCR,0,0,0
Lao People's Democratic Republic,LA,LAO,LA,Lao People's Democratic Republic,Lao People's Democratic Republic,Asia,LMIC,Non LDC,Non SIDS,Non DAC,Developing Country,Fragile,7061507,,South-eastern Asia,Resource-rich,Non PRCR,0,0,0
Lao People's Dem. Rep.,LA,LAO,LA,Lao People's Dem. Rep.,Lao People's Democratic Republic,Asia,LMIC,Non LDC,Non SIDS,Non DAC,Developing Country,Fragile,7061507,,South-eastern Asia,Resource-rich,Non PRCR,0,0,0
Lao,LA,LAO,LA,Lao,Lao People's Democratic Republic,Asia,LMIC,Non LDC,Non SIDS,Non DAC,Developing Country,Fragile,7061507,,South-eastern Asia,Resource-rich,Non PRCR,0,0,0
Laos,LA,LAO,LA,Laos,Lao People's Democratic Republic,Asia,LMIC,Non LDC,Non SIDS,Non DAC,Developing Country,Fragile,7061507,,South-eastern Asia,Resource-rich,Non PRCR,0,0,0
Latvia,LV,LVA,LV,Latvia,Latvia,Europe,HIC,Non LDC,Non SIDS,Non DAC,Not Developing,Not Fragile,1926542,,Northern Europe,Non resource-rich,Non PRCR,0,0,1
Lebanon,LB,LBN,LB,Lebanon,Lebanon,Asia,UMIC,Non LDC,Non SIDS,Non DAC,Developing Country,Not fragile,6848925,,Western Asia,Non resource-rich,Non PRCR,0,0,1
Lesotho,LS,LSO,LS,Lesotho,Lesotho,Africa,LMIC,LDC,Non SIDS,Non DAC,Developing Country,Not fragile,2108132,,Southern Africa,Non resource-rich,Non PRCR,1,1,0
Liberia,LR,LBR,LR,Liberia,Liberia,Africa,LIC,LDC,Non SIDS,Non DAC,Developing Country,Fragile,4818977,,Western Africa,Resource-rich,Non PRCR,1,1,0
Libya,LY,LBY,LY,Libya,Libya,Africa,UMIC,Non LDC,Non SIDS,Non DAC,Developing Country,Fragile,6678567,,Northern Africa,Non resource-rich,Non PRCR,0,,
Libyan Arab Jamahiriya,LY,LBY,LY,Libyan Arab Jamahiriya,Libya,Africa,UMIC,Non LDC,Non SIDS,Non DAC,Developing Country,Fragile,6678567,,Northern Africa,Non resource-rich,Non PRCR,0,,
Liechtenstein,LI,LIE,LI,Liechtenstein,Liechtenstein,Europe,HIC,Non LDC,Non SIDS,Non DAC,Not Developing,Not Fragile,37910,,Western Europe,Non resource-rich,Non PRCR,0,,
Lithuania,LT,LTU,LT,Lithuania,Lithuania,Europe,HIC,Non LDC,Non SIDS,Non DAC,Not Developing,Not Fragile,2789533,,Northern Europe,Non resource-rich,Non PRCR,0,0,1
Luxembourg,LU,LUX,LU,Luxembourg,Luxembourg,Europe,HIC,Non LDC,Non SIDS,DAC,Not Developing,Not Fragile,607728,,Western Europe,Non resource-rich,Non PRCR,0,0,1
North Macedonia,MK,MKD,MK,North Macedonia,Macedonia,Europe,UMIC,Non LDC,Non SIDS,Non DAC,Developing Country,Not fragile,2082958,,Southern Europe,Non resource-rich,Non PRCR,0,0,0
Macedonia,MK,MKD,MK,Macedonia,Macedonia,Europe,UMIC,Non LDC,Non SIDS,Non DAC,Developing Country,Not fragile,2082958,,Southern Europe,Non resource-rich,Non PRCR,0,0,0
"Macedonia, Republic of",MK,MKD,MK,"Macedonia, Republic of",Macedonia,Europe,UMIC,Non LDC,Non SIDS,Non DAC,Developing Country,Not fragile,2082958,,Southern Europe,Non resource-rich,Non PRCR,0,0,0
"Macedonia, Former Yugoslav Republic of",MK,MKD,MK,"Macedonia, Former Yugoslav Republic of",Macedonia,Europe,UMIC,Non LDC,Non SIDS,Non DAC,Developing Country,Not fragile,2082958,,Southern Europe,Non resource-rich,Non PRCR,0,0,0
FYR Macedonia,MK,MKD,MK,FYR Macedonia,Macedonia,Europe,UMIC,Non LDC,Non SIDS,Non DAC,Developing Country,Not fragile,2082958,,Southern Europe,Non resource-rich,Non PRCR,0,0,0
"Macedonia, FYR",MK,MKD,MK,"Macedonia, FYR",Macedonia,Europe,UMIC,Non LDC,Non SIDS,Non DAC,Developing Country,Not fragile,2082958,,Southern Europe,Non resource-rich,Non PRCR,0,0,0
"Macedonia, FYR of",MK,MKD,MK,"Macedonia, FYR of",Macedonia,Europe,UMIC,Non LDC,Non SIDS,Non DAC,Developing Country,Not fragile,2082958,,Southern Europe,Non resource-rich,Non PRCR,0,0,0
Macedonia (TFYR),MK,MKD,MK,Macedonia (TFYR),Macedonia,Europe,UMIC,Non LDC,Non SIDS,Non DAC,Developing Country,Not fragile,2082958,,Southern Europe,Non resource-rich,Non PRCR,0,0,0
Former Yugoslav Republic of Macedonia,MK,MKD,MK,Former Yugoslav Republic of Macedonia,Macedonia,Europe,UMIC,Non LDC,Non SIDS,Non DAC,Developing Country,Not fragile,2082958,,Southern Europe,Non resource-rich,Non PRCR,0,0,0
The Former Yugoslav Republic of Macedonia,MK,MKD,MK,The Former Yugoslav Republic of Macedonia,Macedonia,Europe,UMIC,Non LDC,Non SIDS,Non DAC,Developing Country,Not fragile,2082958,,Southern Europe,Non resource-rich,Non PRCR,0,0,0
TFYR of Macedonia,MK,MKD,MK,TFYR of Macedonia,Macedonia,Europe,UMIC,Non LDC,Non SIDS,Non DAC,Developing Country,Not fragile,2082958,,Southern Europe,Non resource-rich,Non PRCR,0,0,0
Madagascar,MG,MDG,MG,Madagascar,Madagascar,Africa,LIC,LDC,Non SIDS,Non DAC,Developing Country,Fragile,26262368,,Eastern Africa,Non resource-rich,Non PRCR,1,1,0
Malawi,MW,MWI,MW,Malawi,Malawi,Africa,LIC,LDC,Non SIDS,Non DAC,Developing Country,Fragile,18143315,,Eastern Africa,Non resource-rich,Non PRCR,1,1,0
Malaysia,MY,MYS,MY,Malaysia,Malaysia,Asia,UMIC,Non LDC,Non SIDS,Non DAC,Developing Country,Not fragile,31528585,,South-eastern Asia,Non resource-rich,Non PRCR,0,0,1
Maldives,MV,MDV,MV,Maldives,Maldives,Asia,UMIC,Non LDC,SIDS,Non DAC,Developing Country,Not fragile,515696,,Southern Asia,Non resource-rich,Non PRCR,0,0,0
Mali,ML,MLI,ML,Mali,Mali,Africa,LIC,LDC,Non SIDS,Non DAC,Developing Country,Extremely fragile,19077690,,Western Africa,Resource-rich,PRCR,1,1,0
Malta,MT,MLT,MT,Malta,Malta,Europe,HIC,Non LDC,Non SIDS,Non DAC,Not Developing,Not Fragile,483530,,Southern Europe,Non resource-rich,Non PRCR,0,0,1
Marshall Islands,MH,MHL,MH,Marshall Islands,Marshall Islands,Oceania,UMIC,Non LDC,SIDS,Non DAC,Developing Country,Not fragile,58413,,Micronesia,Non resource-rich,Non PRCR,0,,
Martinique,MQ,MTQ,MQ,Martinique,,Latin America and the Caribbean,,Non LDC,SIDS,Non DAC,Not Developing,Not Fragile,,,Caribbean,Non resource-rich,Non PRCR,0,,
Mauritania,MR,MRT,MR,Mauritania,Mauritania,Africa,LMIC,LDC,Non SIDS,Non DAC,Developing Country,Fragile,4403319,,Western Africa,Resource-rich,PRCR,0,0,0
Mauritius,MU,MUS,MU,Mauritius,Mauritius,Africa,UMIC,Non LDC,SIDS,Non DAC,Developing Country,Not fragile,1265303,,Eastern Africa,Non resource-rich,Non PRCR,0,0,1
Mayotte,YT,MYT,YT,Mayotte,,Africa,,Non LDC,Non SIDS,Non DAC,Not Developing,Not Fragile,,,Eastern Africa,Non resource-rich,Non PRCR,0,,
Mexico,MX,MEX,MX,Mexico,Mexico,Latin America and the Caribbean,UMIC,Non LDC,Non SIDS,Non DAC,Developing Country,Not fragile,126190788,,Central America,Non resource-rich,Non PRCR,0,0,0
"Micronesia, Federated States of",FM,FSM,FM,"Micronesia, Federated States of",Micronesia (Federated States of),Oceania,LMIC,Non LDC,SIDS,Non DAC,Developing Country,Not fragile,112640,,Micronesia,Non resource-rich,Non PRCR,1,0,0
Micronesia (Federated States of),FM,FSM,FM,Micronesia (Federated States of),Micronesia (Federated States of),Oceania,LMIC,Non LDC,SIDS,Non DAC,Developing Country,Not fragile,112640,,Micronesia,Non resource-rich,Non PRCR,1,0,0
Micronesia (Fed. States of),FM,FSM,FM,Micronesia (Fed. States of),Micronesia (Federated States of),Oceania,LMIC,Non LDC,SIDS,Non DAC,Developing Country,Not fragile,112640,,Micronesia,Non resource-rich,Non PRCR,1,0,0
"Micronesia, Fed. States",FM,FSM,FM,"Micronesia, Fed. States",Micronesia (Federated States of),Oceania,LMIC,Non LDC,SIDS,Non DAC,Developing Country,Not fragile,112640,,Micronesia,Non resource-rich,Non PRCR,1,0,0
"Micronesia, Fed. Sts.",FM,FSM,FM,"Micronesia, Fed. Sts.",Micronesia (Federated States of),Oceania,LMIC,Non LDC,SIDS,Non DAC,Developing Country,Not fragile,112640,,Micronesia,Non resource-rich,Non PRCR,1,0,0
Federated States of Micronesia,FM,FSM,FM,Federated States of Micronesia,Micronesia (Federated States of),Oceania,LMIC,Non LDC,SIDS,Non DAC,Developing Country,Not fragile,112640,,Micronesia,Non resource-rich,Non PRCR,1,0,0
Micronesia,FM,FSM,FM,Micronesia,Micronesia (Federated States of),Oceania,LMIC,Non LDC,SIDS,Non DAC,Developing Country,Not fragile,112640,,Micronesia,Non resource-rich,Non PRCR,1,0,0
Moldova,MD,MDA,MD,Moldova,Moldova,Europe,LMIC,Non LDC,Non SIDS,Non DAC,Developing Country,Not fragile,3545883,,Eastern Europe,Non resource-rich,Non PRCR,0,0,1
Republic of Moldova,MD,MDA,MD,Republic of Moldova,Moldova,Europe,LMIC,Non LDC,Non SIDS,Non DAC,Developing Country,Not fragile,3545883,,Eastern Europe,Non resource-rich,Non PRCR,0,0,1
"Moldova, Rep.",MD,MDA,MD,"Moldova, Rep.",Moldova,Europe,LMIC,Non LDC,Non SIDS,Non DAC,Developing Country,Not fragile,3545883,,Eastern Europe,Non resource-rich,Non PRCR,0,0,1
Monaco,MC,MCO,MC,Monaco,Monaco,Europe,HIC,Non LDC,Non SIDS,Non DAC,Not Developing,Not Fragile,38682,,Western Europe,Non resource-rich,Non PRCR,0,,
Mongolia,MN,MNG,MN,Mongolia,Mongolia,Asia,LMIC,Non LDC,Non SIDS,Non DAC,Developing Country,Not fragile,3170208,,Eastern Asia,Resource-rich,Non PRCR,0,0,1
Montenegro,ME,MNE,ME,Montenegro,Montenegro,Europe,UMIC,Non LDC,Non SIDS,Non DAC,Developing Country,Not fragile,622345,,Southern Europe,Non resource-rich,Non PRCR,0,0,1
Montserrat,MS,MSR,MS,Montserrat,,Latin America and the Caribbean,,Non LDC,SIDS,Non DAC,Developing Country,Not fragile,,,Caribbean,Non resource-rich,Non PRCR,0,,
Morocco,MA,MAR,MA,Morocco,Morocco,Africa,LMIC,Non LDC,Non SIDS,Non DAC,Developing Country,Not fragile,36029138,,Northern Africa,Non resource-rich,Non PRCR,0,0,1
Mozambique,MZ,MOZ,MZ,Mozambique,Mozambique,Africa,LIC,LDC,Non SIDS,Non DAC,Developing Country,Fragile,29495962,,Eastern Africa,Non resource-rich,Non PRCR,1,1,0
Myanmar,MM,MMR,MM,Myanmar,Burma,Asia,LMIC,LDC,Non SIDS,Non DAC,Developing Country,Fragile,53708395,,South-eastern Asia,Non resource-rich,PRCR,0,0,0
Namibia,NA,NAM,NA,Namibia,Namibia,Africa,UMIC,Non LDC,Non SIDS,Non DAC,Developing Country,Not fragile,2448255,,Southern Africa,Non resource-rich,Non PRCR,0,0,0
Nauru,NR,NRU,NR,Nauru,Nauru,Oceania,UMIC,Non LDC,SIDS,Non DAC,Developing Country,Not fragile,12704,,Micronesia,Non resource-rich,Non PRCR,0,,
Nepal,NP,NPL,NP,Nepal,Nepal,Asia,LIC,LDC,Non SIDS,Non DAC,Developing Country,Fragile,28087871,,Southern Asia,Non resource-rich,Non PRCR,0,0,0
Netherlands,NL,NLD,NL,Netherlands,Netherlands,Europe,HIC,Non LDC,Non SIDS,DAC,Not Developing,Not Fragile,17231017,,Western Europe,Non resource-rich,Non PRCR,0,0,1
The Netherlands,NL,NLD,NL,The Netherlands,Netherlands,Europe,HIC,Non LDC,Non SIDS,DAC,Not Developing,Not Fragile,17231017,,Western Europe,Non resource-rich,Non PRCR,0,0,1
"Netherlands, the",NL,NLD,NL,"Netherlands, the",Netherlands,Europe,HIC,Non LDC,Non SIDS,DAC,Not Developing,Not Fragile,17231017,,Western Europe,Non resource-rich,Non PRCR,0,0,1
Netherlands Antilles,AN,ANT,AN,Netherlands Antilles,,#N/A,,Non LDC,Non SIDS,Non DAC,Not Developing,Not Fragile,,,,Non resource-rich,Non PRCR,0,,
New Caledonia,NC,NCL,NC,New Caledonia,,Oceania,HIC,Non LDC,SIDS,Non DAC,Not Developing,Not Fragile,284060,,Melanesia,Non resource-rich,Non PRCR,0,,
New Zealand,NZ,NZL,NZ,New Zealand,New Zealand,Oceania,HIC,Non LDC,Non SIDS,DAC,Not Developing,Not Fragile,4885500,,Australia and New Zealand,Non resource-rich,Non PRCR,0,,
Nicaragua,NI,NIC,NI,Nicaragua,Nicaragua,Latin America and the Caribbean,LMIC,Non LDC,Non SIDS,Non DAC,Developing Country,Not fragile,6465513,,Central America,Non resource-rich,Non PRCR,0,0,0
Niger,NE,NER,NE,Niger,Niger,Africa,LIC,LDC,Non SIDS,Non DAC,Developing Country,Fragile,22442948,,Western Africa,Resource-rich,Non PRCR,1,1,0
Nigeria,NG,NGA,NG,Nigeria,Nigeria,Africa,LMIC,Non LDC,Non SIDS,Non DAC,Developing Country,Fragile,195874740,,Western Africa,Resource-rich,Non PRCR,1,1,0
Niue,NU,NIU,NU,Niue,,Oceania,,Non LDC,SIDS,Non DAC,Developing Country,Not fragile,,,Polynesia,Non resource-rich,Non PRCR,0,,
Norfolk Island,NF,NFK,NF,Norfolk Island,,Oceania,,Non LDC,Non SIDS,Non DAC,Not Developing,Not Fragile,,,Australia and New Zealand,Non resource-rich,Non PRCR,0,,
Northern Mariana Islands,MP,MNP,MP,Northern Mariana Islands,,Oceania,HIC,Non LDC,Non SIDS,Non DAC,Not Developing,Not Fragile,56882,,Micronesia,Non resource-rich,Non PRCR,0,,
Norway,NO,NOR,NO,Norway,Norway,Europe,HIC,Non LDC,Non SIDS,DAC,Not Developing,Not Fragile,5314336,,Northern Europe,Non resource-rich,Non PRCR,0,0,1
Oman,OM,OMN,OM,Oman,Oman,Asia,HIC,Non LDC,Non SIDS,Non DAC,Not Developing,Not Fragile,4829483,FCAS,Western Asia,Non resource-rich,Non PRCR,0,,
Pakistan,PK,PAK,PK,Pakistan,Pakistan,Asia,LMIC,Non LDC,Non SIDS,Non DAC,Developing Country,Fragile,212215030,,Southern Asia,Non resource-rich,Non PRCR,0,0,0
Palau,PW,PLW,PW,Palau,Palau,Oceania,HIC,Non LDC,SIDS,Non DAC,Developing Country,Not fragile,17907,,Micronesia,Non resource-rich,Non PRCR,0,,
West Bank and Gaza Strip,PS,PSE,PS,West Bank and Gaza Strip,State of Palestine,Asia,LMIC,Non LDC,Non SIDS,Non DAC,Developing Country,Fragile,4569087,,Western Asia,Non resource-rich,PRCR,0,0,1
West Bank and Gaza,PS,PSE,PS,West Bank and Gaza,State of Palestine,Asia,LMIC,Non LDC,Non SIDS,Non DAC,Developing Country,Fragile,4569087,,Western Asia,Non resource-rich,PRCR,0,0,1
Palestinian Territory,PS,PSE,PS,Palestinian Territory,State of Palestine,Asia,LMIC,Non LDC,Non SIDS,Non DAC,Developing Country,Fragile,4569087,,Western Asia,Non resource-rich,PRCR,0,0,1
Palestinian Territories,PS,PSE,PS,Palestinian Territories,State of Palestine,Asia,LMIC,Non LDC,Non SIDS,Non DAC,Developing Country,Fragile,4569087,,Western Asia,Non resource-rich,PRCR,0,0,1
Occupied Palestinian Territory,PS,PSE,PS,Occupied Palestinian Territory,State of Palestine,Asia,LMIC,Non LDC,Non SIDS,Non DAC,Developing Country,Fragile,4569087,,Western Asia,Non resource-rich,PRCR,0,0,1
Palestine,PS,PSE,PS,Palestine,State of Palestine,Asia,LMIC,Non LDC,Non SIDS,Non DAC,Developing Country,Fragile,4569087,,Western Asia,Non resource-rich,PRCR,0,0,1
"Palestine, Occupied Tr.",PS,PSE,PS,"Palestine, Occupied Tr.",State of Palestine,Asia,LMIC,Non LDC,Non SIDS,Non DAC,Developing Country,Fragile,4569087,,Western Asia,Non resource-rich,PRCR,0,0,1
State of Palestine,PS,PSE,PS,State of Palestine,State of Palestine,Asia,LMIC,Non LDC,Non SIDS,Non DAC,Developing Country,Fragile,4569087,,Western Asia,Non resource-rich,PRCR,0,0,1
Panama,PA,PAN,PA,Panama,Panama,Latin America and the Caribbean,HIC,Non LDC,Non SIDS,Non DAC,Developing Country,Not fragile,4176873,,Central America,Non resource-rich,Non PRCR,0,0,1
Papua New Guinea,PG,PNG,PG,Papua New Guinea,Papua New Guinea,Oceania,LMIC,Non LDC,SIDS,Non DAC,Developing Country,Fragile,8606316,,Melanesia,Resource-rich,Non PRCR,1,0,0
Paraguay,PY,PRY,PY,Paraguay,Paraguay,Latin America and the Caribbean,UMIC,Non LDC,Non SIDS,Non DAC,Developing Country,Not fragile,6956071,,South America,Non resource-rich,Non PRCR,0,0,1
Peru,PE,PER,PE,Peru,Peru,Latin America and the Caribbean,UMIC,Non LDC,Non SIDS,Non DAC,Developing Country,Not fragile,31989256,,South America,Non resource-rich,Non PRCR,0,0,0
Philippines,PH,PHL,PH,Philippines,Philippines,Asia,LMIC,Non LDC,Non SIDS,Non DAC,Developing Country,Not fragile,106651922,,South-eastern Asia,Non resource-rich,Non PRCR,0,0,0
The Philippines,PH,PHL,PH,The Philippines,Philippines,Asia,LMIC,Non LDC,Non SIDS,Non DAC,Developing Country,Not fragile,106651922,,South-eastern Asia,Non resource-rich,Non PRCR,0,0,0
"Philippines, the",PH,PHL,PH,"Philippines, the",Philippines,Asia,LMIC,Non LDC,Non SIDS,Non DAC,Developing Country,Not fragile,106651922,,South-eastern Asia,Non resource-rich,Non PRCR,0,0,0
Pitcairn,PN,PCN,PN,Pitcairn,,Oceania,,Non LDC,Non SIDS,Non DAC,Not Developing,Not Fragile,,,Polynesia,Non resource-rich,Non PRCR,0,,
Poland,PL,POL,PL,Poland,Poland,Europe,HIC,Non LDC,Non SIDS,DAC,Not Developing,Not Fragile,37978548,FCAS,Eastern Europe,Non resource-rich,Non PRCR,0,0,1
Portugal,PT,PRT,PT,Portugal,Portugal,Europe,HIC,Non LDC,Non SIDS,DAC,Not Developing,Not Fragile,10281762,,Southern Europe,Non resource-rich,Non PRCR,0,0,1
Puerto Rico,PR,PRI,PR,Puerto Rico,,Latin America and the Caribbean,HIC,Non LDC,SIDS,Non DAC,Not Developing,Not Fragile,3195153,,Caribbean,Non resource-rich,Non PRCR,0,,
Qatar,QA,QAT,QA,Qatar,Qatar,Asia,HIC,Non LDC,Non SIDS,Non DAC,Not Developing,Not Fragile,2781677,FCAS,Western Asia,Non resource-rich,Non PRCR,0,,
Réunion,RE,REU,RE,Réunion,,Africa,,Non LDC,Non SIDS,Non DAC,Not Developing,Not Fragile,,,Eastern Africa,Non resource-rich,Non PRCR,0,,
Romania,RO,ROU,RO,Romania,Romania,Europe,UMIC,Non LDC,Non SIDS,Non DAC,Not Developing,Not Fragile,19473936,,Eastern Europe,Non resource-rich,Non PRCR,0,0,0
Russia,RU,RUS,RU,Russia,Russian Federation,Europe,UMIC,Non LDC,Non SIDS,Non DAC,Not Developing,Not Fragile,144478050,,Eastern Europe,Non resource-rich,Non PRCR,0,0,1
Russian Federation,RU,RUS,RU,Russian Federation,Russian Federation,Europe,UMIC,Non LDC,Non SIDS,Non DAC,Not Developing,Not Fragile,144478050,,Eastern Europe,Non resource-rich,Non PRCR,0,0,1
Rwanda,RW,RWA,RW,Rwanda,Rwanda,Africa,LIC,LDC,Non SIDS,Non DAC,Developing Country,Fragile,12301939,,Eastern Africa,Non resource-rich,Non PRCR,0,1,0
Saint-Barthélemy,BL,BLM,BL,Saint-Barthélemy,,Latin America and the Caribbean,,Non LDC,Non SIDS,Non DAC,Not Developing,Not Fragile,,,Caribbean,Non resource-rich,Non PRCR,0,,
Saint Barthélemy,BL,BLM,BL,Saint Barthélemy,,Latin America and the Caribbean,,Non LDC,Non SIDS,Non DAC,Not Developing,Not Fragile,,,Caribbean,Non resource-rich,Non PRCR,0,,
Saint Helena,SH,SHN,SH,Saint Helena,,Africa,,Non LDC,Non SIDS,Non DAC,Developing Country,Not fragile,,,Western Africa,Non resource-rich,Non PRCR,0,,
Saint Kitts and Nevis,KN,KNA,KN,Saint Kitts and Nevis,Saint Kitts and Nevis,Latin America and the Caribbean,HIC,Non LDC,SIDS,Non DAC,Not Developing,Not Fragile,52441,,Caribbean,Non resource-rich,Non PRCR,0,,
Saint Kitts & Nevis,KN,KNA,KN,Saint Kitts & Nevis,Saint Kitts and Nevis,Latin America and the Caribbean,HIC,Non LDC,SIDS,Non DAC,Not Developing,Not Fragile,52441,,Caribbean,Non resource-rich,Non PRCR,0,,
St. Kitts and Nevis,KN,KNA,KN,St. Kitts and Nevis,Saint Kitts and Nevis,Latin America and the Caribbean,HIC,Non LDC,SIDS,Non DAC,Not Developing,Not Fragile,52441,,Caribbean,Non resource-rich,Non PRCR,0,,
St. Kitts & Nevis,KN,KNA,KN,St. Kitts & Nevis,Saint Kitts and Nevis,Latin America and the Caribbean,HIC,Non LDC,SIDS,Non DAC,Not Developing,Not Fragile,52441,,Caribbean,Non resource-rich,Non PRCR,0,,
Saint Lucia,LC,LCA,LC,Saint Lucia,St Lucia,Latin America and the Caribbean,UMIC,Non LDC,SIDS,Non DAC,Developing Country,Not fragile,181889,,Caribbean,Non resource-rich,Non PRCR,0,0,0
St. Lucia,LC,LCA,LC,St. Lucia,St Lucia,Latin America and the Caribbean,UMIC,Non LDC,SIDS,Non DAC,Developing Country,Not fragile,181889,,Caribbean,Non resource-rich,Non PRCR,0,0,0
Saint-Martin (French part),MF,MAF,MF,Saint-Martin (French part),,Latin America and the Caribbean,HIC,Non LDC,Non SIDS,Non DAC,Not Developing,Not Fragile,37264,,Caribbean,Non resource-rich,Non PRCR,0,,
Saint Martin (French part),MF,MAF,MF,Saint Martin (French part),,Latin America and the Caribbean,HIC,Non LDC,Non SIDS,Non DAC,Not Developing,Not Fragile,37264,,Caribbean,Non resource-rich,Non PRCR,0,,
St. Martin (French part),MF,MAF,MF,St. Martin (French part),,Latin America and the Caribbean,HIC,Non LDC,Non SIDS,Non DAC,Not Developing,Not Fragile,37264,,Caribbean,Non resource-rich,Non PRCR,0,,
Saint-Martin,MF,MAF,MF,Saint-Martin,,Latin America and the Caribbean,HIC,Non LDC,Non SIDS,Non DAC,Not Developing,Not Fragile,37264,,Caribbean,Non resource-rich,Non PRCR,0,,
Saint Martin,MF,MAF,MF,Saint Martin,,Latin America and the Caribbean,HIC,Non LDC,Non SIDS,Non DAC,Not Developing,Not Fragile,37264,,Caribbean,Non resource-rich,Non PRCR,0,,
Sint Maarten (Dutch Part),SX,SXM,SX,Sint Maarten (Dutch Part),,Latin America and the Caribbean,HIC,Non LDC,SIDS,Non DAC,Not Developing,Not Fragile,40654,,Caribbean,Non resource-rich,Non PRCR,0,,
St. Maarten (Dutch Part),SX,SXM,SX,St. Maarten (Dutch Part),,Latin America and the Caribbean,HIC,Non LDC,SIDS,Non DAC,Not Developing,Not Fragile,40654,,Caribbean,Non resource-rich,Non PRCR,0,,
Sint Maarten,SX,SXM,SX,Sint Maarten,,Latin America and the Caribbean,HIC,Non LDC,SIDS,Non DAC,Not Developing,Not Fragile,40654,,Caribbean,Non resource-rich,Non PRCR,0,,
Saint Pierre and Miquelon,PM,SPM,PM,Saint Pierre and Miquelon,,N. America,,Non LDC,Non SIDS,Non DAC,Not Developing,Not Fragile,,,Northern America,Non resource-rich,Non PRCR,0,,
Saint Vincent and Grenadines,VC,VCT,VC,Saint Vincent and Grenadines,Saint Vincent and the Grenadines,Latin America and the Caribbean,UMIC,Non LDC,SIDS,Non DAC,Developing Country,Not fragile,110210,,Caribbean,Non resource-rich,Non PRCR,0,,
Saint Vincent & Grenadines,VC,VCT,VC,Saint Vincent & Grenadines,Saint Vincent and the Grenadines,Latin America and the Caribbean,UMIC,Non LDC,SIDS,Non DAC,Developing Country,Not fragile,110210,,Caribbean,Non resource-rich,Non PRCR,0,,
Saint Vincent and the Grenadines,VC,VCT,VC,Saint Vincent and the Grenadines,Saint Vincent and the Grenadines,Latin America and the Caribbean,UMIC,Non LDC,SIDS,Non DAC,Developing Country,Not fragile,110210,,Caribbean,Non resource-rich,Non PRCR,0,,
Saint Vincent & the Grenadines,VC,VCT,VC,Saint Vincent & the Grenadines,Saint Vincent and the Grenadines,Latin America and the Caribbean,UMIC,Non LDC,SIDS,Non DAC,Developing Country,Not fragile,110210,,Caribbean,Non resource-rich,Non PRCR,0,,
St. Vincent and the Grenadines,VC,VCT,VC,St. Vincent and the Grenadines,Saint Vincent and the Grenadines,Latin America and the Caribbean,UMIC,Non LDC,SIDS,Non DAC,Developing Country,Not fragile,110210,,Caribbean,Non resource-rich,Non PRCR,0,,
St. Vincent & the Grenadines,VC,VCT,VC,St. Vincent & the Grenadines,Saint Vincent and the Grenadines,Latin America and the Caribbean,UMIC,Non LDC,SIDS,Non DAC,Developing Country,Not fragile,110210,,Caribbean,Non resource-rich,Non PRCR,0,,
Samoa,WS,WSM,WS,Samoa,Samoa,Oceania,UMIC,Non LDC,SIDS,Non DAC,Developing Country,Not fragile,196130,,Polynesia,Non resource-rich,Non PRCR,0,0,1
San Marino,SM,SMR,SM,San Marino,San Marino,Europe,HIC,Non LDC,Non SIDS,Non DAC,Not Developing,Not Fragile,33785,,Southern Europe,Non resource-rich,Non PRCR,0,,
Sao Tome and Principe,ST,STP,ST,Sao Tome and Principe,Sao Tome and Principe,Africa,LMIC,LDC,SIDS,Non DAC,Developing Country,Not fragile,211028,,Middle Africa,Non resource-rich,Non PRCR,0,0,0
Sao Tome & Principe,ST,STP,ST,Sao Tome & Principe,Sao Tome and Principe,Africa,LMIC,LDC,SIDS,Non DAC,Developing Country,Not fragile,211028,,Middle Africa,Non resource-rich,Non PRCR,0,0,0
São Tomé and Principe,ST,STP,ST,São Tomé and Principe,Sao Tome and Principe,Africa,LMIC,LDC,SIDS,Non DAC,Developing Country,Not fragile,211028,,Middle Africa,Non resource-rich,Non PRCR,0,0,0
São Tomé & Principe,ST,STP,ST,São Tomé & Principe,Sao Tome and Principe,Africa,LMIC,LDC,SIDS,Non DAC,Developing Country,Not fragile,211028,,Middle Africa,Non resource-rich,Non PRCR,0,0,0
São Tomé and Príncipe,ST,STP,ST,São Tomé and Príncipe,Sao Tome and Principe,Africa,LMIC,LDC,SIDS,Non DAC,Developing Country,Not fragile,211028,,Middle Africa,Non resource-rich,Non PRCR,0,0,0
Sao Tomé and Principe,ST,STP,ST,São Tomé & Principe,Sao Tome and Principe,Africa,LMIC,LDC,SIDS,Non DAC,Developing Country,Not fragile,211028,,Middle Africa,Non resource-rich,Non PRCR,0,0,0
Saudi Arabia,SA,SAU,SA,Saudi Arabia,Saudi Arabia,Asia,HIC,Non LDC,Non SIDS,Non DAC,Not Developing,Not Fragile,33699947,FCAS,Western Asia,Non resource-rich,Non PRCR,0,,
Senegal,SN,SEN,SN,Senegal,Senegal,Africa,LMIC,LDC,Non SIDS,Non DAC,Developing Country,Not fragile,15854360,,Western Africa,Non resource-rich,Non PRCR,0,1,0
Serbia,RS,SRB,RS,Serbia,Serbia,Europe,UMIC,Non LDC,Non SIDS,Non DAC,Developing Country,Not fragile,6982084,,Southern Europe,Non resource-rich,Non PRCR,0,0,1
Seychelles,SC,SYC,SC,Seychelles,Seychelles,Africa,HIC,Non LDC,SIDS,Non DAC,Developing Country,Not fragile,96762,FCAS,Eastern Africa,Non resource-rich,Non PRCR,0,0,1
Sierra Leone,SL,SLE,SL,Sierra Leone,Sierra Leone,Africa,LIC,LDC,Non SIDS,Non DAC,Developing Country,Fragile,7650154,,Western Africa,Non resource-rich,PRCR,0,1,0
Singapore,SG,SGP,SG,Singapore,Singapore,Asia,HIC,Non LDC,SIDS,Non DAC,Not Developing,Not Fragile,5638676,FCAS,South-eastern Asia,Non resource-rich,Non PRCR,0,,
Slovakia,SK,SVK,SK,Slovakia,Slovakia,Europe,HIC,Non LDC,Non SIDS,DAC,Not Developing,Not Fragile,5447011,,Eastern Europe,Non resource-rich,Non PRCR,0,0,1
Slovak Republic,SK,SVK,SK,Slovak Republic,Slovakia,Europe,HIC,Non LDC,Non SIDS,DAC,Not Developing,Not Fragile,5447011,,Eastern Europe,Non resource-rich,Non PRCR,0,0,1
Slovenia,SI,SVN,SI,Slovenia,Slovenia,Europe,HIC,Non LDC,Non SIDS,DAC,Not Developing,Not Fragile,2067372,,Southern Europe,Non resource-rich,Non PRCR,0,0,1
Solomon Islands,SB,SLB,SB,Solomon Islands,Solomon Islands,Oceania,LMIC,LDC,SIDS,Non DAC,Developing Country,Fragile,652858,,Melanesia,Non resource-rich,Non PRCR,0,0,0
Somalia,SO,SOM,SO,Somalia,Somalia,Africa,LIC,LDC,Non SIDS,Non DAC,Developing Country,Extremely fragile,15008154,,Eastern Africa,Non resource-rich,PRCR,1,,
South Africa,ZA,ZAF,ZA,South Africa,South Africa,Africa,UMIC,Non LDC,Non SIDS,Non DAC,Developing Country,Not fragile,57779622,,Southern Africa,Non resource-rich,Non PRCR,0,0,0
South Georgia and the South Sandwich Islands,GS,SGS,GS,South Georgia and the South Sandwich Islands,,Latin America and the Caribbean,,Non LDC,Non SIDS,Non DAC,Not Developing,Not Fragile,,,South America,Non resource-rich,Non PRCR,0,,
South Georgia and South Sandwich Islands,GS,SGS,GS,South Georgia and South Sandwich Islands,,Latin America and the Caribbean,,Non LDC,Non SIDS,Non DAC,Not Developing,Not Fragile,,,South America,Non resource-rich,Non PRCR,0,,
South Sudan,SS,SSD,SS,South Sudan,South Sudan,Africa,LIC,LDC,Non SIDS,Non DAC,Developing Country,Extremely fragile,10975920,,Eastern Africa,Non resource-rich,PRCR,1,1,0
Spain,ES,ESP,ES,Spain,Spain,Europe,HIC,Non LDC,Non SIDS,DAC,Not Developing,Not Fragile,46723749,,Southern Europe,Non resource-rich,Non PRCR,0,0,1
Sri Lanka,LK,LKA,LK,Sri Lanka,Sri Lanka,Asia,UMIC,Non LDC,Non SIDS,Non DAC,Developing Country,Not fragile,21670000,,Southern Asia,Non resource-rich,Non PRCR,0,0,1
Sudan,SD,SDN,SD,Sudan,Sudan,Africa,LMIC,LDC,Non SIDS,Non DAC,Developing Country,Extremely fragile,41801533,,Northern Africa,Resource-rich,PRCR,1,0,0
Sudan (...2011),SD,SDN,SD,Sudan (...2011),Sudan,Africa,LMIC,LDC,Non SIDS,Non DAC,Developing Country,Extremely fragile,41801533,,Northern Africa,Resource-rich,PRCR,1,0,0
Abyei Area,,AB9,,Abyei Area,,,,,,,,,,,,,,,,
Abyei,,AB9,,Abyei,,,,,,,,,,,,,,,,
Suriname,SR,SUR,SR,Suriname,Suriname,Latin America and the Caribbean,UMIC,Non LDC,SIDS,Non DAC,Developing Country,Not fragile,575991,,South America,Non resource-rich,Non PRCR,0,0,0
Svalbard and Jan Mayen Islands,SJ,SJM,SJ,Svalbard and Jan Mayen Islands,,Europe,,Non LDC,Non SIDS,Non DAC,Not Developing,Not Fragile,,,Northern Europe,Non resource-rich,Non PRCR,0,,
Eswatini,SZ,SWZ,SZ,Eswatini,Swaziland,Africa,LMIC,Non LDC,Non SIDS,Non DAC,Developing Country,Fragile,1136191,,Southern Africa,Non resource-rich,Non PRCR,0,1,0
Swaziland,SZ,SWZ,SZ,Swaziland,Swaziland,Africa,LMIC,Non LDC,Non SIDS,Non DAC,Developing Country,Fragile,1136191,,Southern Africa,Non resource-rich,Non PRCR,0,1,0
Sweden,SE,SWE,SE,Sweden,Sweden,Europe,HIC,Non LDC,Non SIDS,DAC,Not Developing,Not Fragile,10183175,,Northern Europe,Non resource-rich,Non PRCR,0,0,1
Switzerland,CH,CHE,CH,Switzerland,Switzerland,Europe,HIC,Non LDC,Non SIDS,DAC,Not Developing,Not Fragile,8516543,,Western Europe,Non resource-rich,Non PRCR,0,0,1
Syria,SY,SYR,SY,Syria,Syrian Arab Republic,Asia,LIC,Non LDC,Non SIDS,Non DAC,Developing Country,Extremely fragile,16906283,,Western Asia,Resource-rich,PRCR,1,0,0
Syrian Arab Republic (Syria),SY,SYR,SY,Syrian Arab Republic (Syria),Syrian Arab Republic,Asia,LIC,Non LDC,Non SIDS,Non DAC,Developing Country,Extremely fragile,16906283,,Western Asia,Resource-rich,PRCR,1,0,0
Syrian Arab Republic,SY,SYR,SY,Syrian Arab Republic,Syrian Arab Republic,Asia,LIC,Non LDC,Non SIDS,Non DAC,Developing Country,Extremely fragile,16906283,,Western Asia,Resource-rich,PRCR,1,0,0
"Syria, Arab Republic of",SY,SYR,SY,"Syria, Arab Republic of",Syrian Arab Republic,Asia,LIC,Non LDC,Non SIDS,Non DAC,Developing Country,Extremely fragile,16906283,,Western Asia,Resource-rich,PRCR,1,0,0
"Taiwan, Republic of China",TW,TWN,TW,"Taiwan, Republic of China",,#N/A,HIC,Non LDC,Non SIDS,Non DAC,Not Developing,Not Fragile,,,,Non resource-rich,Non PRCR,0,,
Taiwan Province of China,TW,TWN,TW,Taiwan Province of China,,#N/A,HIC,Non LDC,Non SIDS,Non DAC,Not Developing,Not Fragile,,,,Non resource-rich,Non PRCR,0,,
"China, Taiwan Province of China",TW,TWN,TW,"China, Taiwan Province of China",,#N/A,HIC,Non LDC,Non SIDS,Non DAC,Not Developing,Not Fragile,,,,Non resource-rich,Non PRCR,0,,
"Taiwan, China",TW,TWN,TW,"Taiwan, China",,#N/A,HIC,Non LDC,Non SIDS,Non DAC,Not Developing,Not Fragile,,,,Non resource-rich,Non PRCR,0,,
Taiwan,TW,TWN,TW,Taiwan,,#N/A,HIC,Non LDC,Non SIDS,Non DAC,Not Developing,Not Fragile,,,,Non resource-rich,Non PRCR,0,,
Chinese Taipei,TW,TWN,TW,Chinese Taipei,,#N/A,HIC,Non LDC,Non SIDS,Non DAC,Not Developing,Not Fragile,,,,Non resource-rich,Non PRCR,0,,
"China, Taiwan Province of",TW,TWN,TW,"China, Taiwan Province of",,#N/A,HIC,Non LDC,Non SIDS,Non DAC,Not Developing,Not Fragile,,,,Non resource-rich,Non PRCR,0,,
Tajikistan,TJ,TJK,TJ,Tajikistan,Tajikistan,Asia,LIC,Non LDC,Non SIDS,Non DAC,Developing Country,Fragile,9100837,,Central Asia,Non resource-rich,PRCR,0,0,0
Tanzania,TZ,TZA,TZ,Tanzania,United Republic of Tanzania,Africa,LIC,LDC,Non SIDS,Non DAC,Developing Country,Fragile,56318348,,Eastern Africa,Non resource-rich,Non PRCR,0,1,0
"Tanzania, United Republic of",TZ,TZA,TZ,"Tanzania, United Republic of",United Republic of Tanzania,Africa,LIC,LDC,Non SIDS,Non DAC,Developing Country,Fragile,56318348,,Eastern Africa,Non resource-rich,Non PRCR,0,1,0
"Tanzania, United Rep of",TZ,TZA,TZ,"Tanzania, United Rep of",United Republic of Tanzania,Africa,LIC,LDC,Non SIDS,Non DAC,Developing Country,Fragile,56318348,,Eastern Africa,Non resource-rich,Non PRCR,0,1,0
United Republic of Tanzania,TZ,TZA,TZ,United Republic of Tanzania,United Republic of Tanzania,Africa,LIC,LDC,Non SIDS,Non DAC,Developing Country,Fragile,56318348,,Eastern Africa,Non resource-rich,Non PRCR,0,1,0
Thailand,TH,THA,TH,Thailand,Thailand,Asia,UMIC,Non LDC,Non SIDS,Non DAC,Developing Country,Not fragile,69428524,,South-eastern Asia,Non resource-rich,Non PRCR,0,0,1
Timor-Leste,TL,TLS,TL,Timor-Leste,Timor Leste,Asia,LMIC,LDC,SIDS,Non DAC,Developing Country,Fragile,1267972,,South-eastern Asia,Resource-rich,Non PRCR,0,1,0
Timor Leste,TL,TLS,TL,Timor Leste,Timor Leste,Asia,LMIC,LDC,SIDS,Non DAC,Developing Country,Fragile,1267972,,South-eastern Asia,Resource-rich,Non PRCR,0,1,0
Togo,TG,TGO,TG,Togo,Togo,Africa,LIC,LDC,Non SIDS,Non DAC,Developing Country,Not fragile,7889094,,Western Africa,Non resource-rich,Non PRCR,1,1,0
Tokelau,TK,TKL,TK,Tokelau,,Oceania,,Non LDC,Non SIDS,Non DAC,Developing Country,Not fragile,,,Polynesia,Non resource-rich,Non PRCR,0,,
Tonga,TO,TON,TO,Tonga,Tonga,Oceania,UMIC,Non LDC,SIDS,Non DAC,Developing Country,Not fragile,103197,,Polynesia,Non resource-rich,Non PRCR,0,0,1
Trinidad and Tobago,TT,TTO,TT,Trinidad and Tobago,Trinidad and Tobago,Latin America and the Caribbean,HIC,Non LDC,SIDS,Non DAC,Not Developing,Not Fragile,1389858,FCAS,Caribbean,Non resource-rich,Non PRCR,0,0,1
Trinidad & Tobago,TT,TTO,TT,Trinidad & Tobago,Trinidad and Tobago,Latin America and the Caribbean,HIC,Non LDC,SIDS,Non DAC,Not Developing,Not Fragile,1389858,FCAS,Caribbean,Non resource-rich,Non PRCR,0,0,1
Tunisia,TN,TUN,TN,Tunisia,Tunisia,Africa,LMIC,Non LDC,Non SIDS,Non DAC,Developing Country,Not fragile,11565204,,Northern Africa,Non resource-rich,Non PRCR,0,0,1
Turkey,TR,TUR,TR,Turkey,Turkey,Asia,UMIC,Non LDC,Non SIDS,Non DAC,Developing Country,Not fragile,82319724,,Western Asia,Non resource-rich,Non PRCR,0,0,1
Turkmenistan,TM,TKM,TM,Turkmenistan,Turkmenistan,Asia,UMIC,Non LDC,Non SIDS,Non DAC,Developing Country,Not fragile,5850908,,Central Asia,Resource-rich,Non PRCR,0,0,0
Turks and Caicos Islands,TC,TCA,TC,Turks and Caicos Islands,,Latin America and the Caribbean,HIC,Non LDC,SIDS,Non DAC,Not Developing,Not Fragile,37665,,Caribbean,Non resource-rich,Non PRCR,0,,
Turks & Caicos Islands,TC,TCA,TC,Turks & Caicos Islands,,Latin America and the Caribbean,HIC,Non LDC,SIDS,Non DAC,Not Developing,Not Fragile,37665,,Caribbean,Non resource-rich,Non PRCR,0,,
Tuvalu,TV,TUV,TV,Tuvalu,Tuvalu,Oceania,UMIC,LDC,SIDS,Non DAC,Developing Country,Not fragile,11508,,Polynesia,Non resource-rich,Non PRCR,0,0,0
Uganda,UG,UGA,UG,Uganda,Uganda,Africa,LIC,LDC,Non SIDS,Non DAC,Developing Country,Fragile,42723139,,Eastern Africa,Non resource-rich,PRCR,1,1,0
Ukraine,UA,UKR,UA,Ukraine,Ukraine,Europe,LMIC,Non LDC,Non SIDS,Non DAC,Developing Country,Not fragile,44622516,,Eastern Europe,Non resource-rich,Non PRCR,0,0,1
United Arab Emirates,AE,ARE,AE,United Arab Emirates,United Arab Emirates,Asia,HIC,Non LDC,Non SIDS,Non DAC,Not Developing,Not Fragile,9630959,,Western Asia,Non resource-rich,Non PRCR,0,,
UAE,AE,ARE,AE,UAE,United Arab Emirates,Asia,HIC,Non LDC,Non SIDS,Non DAC,Not Developing,Not Fragile,9630959,,Western Asia,Non resource-rich,Non PRCR,0,,
United Kingdom,GB,GBR,GB,United Kingdom,United Kingdom,Europe,HIC,Non LDC,Non SIDS,DAC,Not Developing,Not Fragile,66488991,,Northern Europe,Non resource-rich,Non PRCR,0,0,1
United Kingdom of Great Britain and Northern Ireland,GB,GBR,GB,United Kingdom of Great Britain and Northern Ireland,United Kingdom,Europe,HIC,Non LDC,Non SIDS,DAC,Not Developing,Not Fragile,66488991,,Northern Europe,Non resource-rich,Non PRCR,0,0,1
UK,GB,GBR,GB,UK,United Kingdom,Europe,HIC,Non LDC,Non SIDS,DAC,Not Developing,Not Fragile,66488991,,Northern Europe,Non resource-rich,Non PRCR,0,0,1
U.K.,GB,GBR,GB,U.K.,United Kingdom,Europe,HIC,Non LDC,Non SIDS,DAC,Not Developing,Not Fragile,66488991,,Northern Europe,Non resource-rich,Non PRCR,0,0,1
United States,US,USA,US,United States,United States of America,N. America,HIC,Non LDC,Non SIDS,DAC,Not Developing,Not Fragile,327167434,FCAS,Northern America,Non resource-rich,Non PRCR,0,0,1
United States of America,US,USA,US,United States of America,United States of America,N. America,HIC,Non LDC,Non SIDS,DAC,Not Developing,Not Fragile,327167434,FCAS,Northern America,Non resource-rich,Non PRCR,0,0,1
US,US,USA,US,US,United States of America,N. America,HIC,Non LDC,Non SIDS,DAC,Not Developing,Not Fragile,327167434,FCAS,Northern America,Non resource-rich,Non PRCR,0,0,1
U.S.,US,USA,US,U.S.,United States of America,N. America,HIC,Non LDC,Non SIDS,DAC,Not Developing,Not Fragile,327167434,FCAS,Northern America,Non resource-rich,Non PRCR,0,0,1
USA,US,USA,US,USA,United States of America,N. America,HIC,Non LDC,Non SIDS,DAC,Not Developing,Not Fragile,327167434,FCAS,Northern America,Non resource-rich,Non PRCR,0,0,1
U.S.A.,US,USA,US,U.S.A.,United States of America,N. America,HIC,Non LDC,Non SIDS,DAC,Not Developing,Not Fragile,327167434,FCAS,Northern America,Non resource-rich,Non PRCR,0,0,1
US Minor Outlying Islands,UM,UMI,UM,US Minor Outlying Islands,,Oceania,,Non LDC,Non SIDS,Non DAC,Not Developing,Not Fragile,,,Micronesia,Non resource-rich,Non PRCR,0,,
United States Minor Outlying Islands,UM,UMI,UM,United States Minor Outlying Islands,,Oceania,,Non LDC,Non SIDS,Non DAC,Not Developing,Not Fragile,,,Micronesia,Non resource-rich,Non PRCR,0,,
Uruguay,UY,URY,UY,Uruguay,Uruguay,Latin America and the Caribbean,HIC,Non LDC,Non SIDS,Non DAC,Developing Country,Not fragile,3449299,FCAS,South America,Non resource-rich,Non PRCR,0,0,1
Uzbekistan,UZ,UZB,UZ,Uzbekistan,Uzbekistan,Asia,LMIC,Non LDC,Non SIDS,Non DAC,Developing Country,Not fragile,32955400,,Central Asia,Resource-rich,Non PRCR,0,0,0
Vanuatu,VU,VUT,VU,Vanuatu,Vanuatu,Oceania,LMIC,LDC,SIDS,Non DAC,Developing Country,Not fragile,292680,,Melanesia,Non resource-rich,Non PRCR,0,0,0
Venezuela,VE,VEN,VE,Venezuela,Venezuela,Latin America and the Caribbean,UMIC,Non LDC,Non SIDS,Non DAC,Developing Country,Fragile,28870195,,South America,Non resource-rich,Non PRCR,0,0,0
Venezuela (Bolivarian Republic),VE,VEN,VE,Venezuela (Bolivarian Republic),Venezuela,Latin America and the Caribbean,UMIC,Non LDC,Non SIDS,Non DAC,Developing Country,Fragile,28870195,,South America,Non resource-rich,Non PRCR,0,0,0
"Venezuela, RB",VE,VEN,VE,"Venezuela, RB",Venezuela,Latin America and the Caribbean,UMIC,Non LDC,Non SIDS,Non DAC,Developing Country,Fragile,28870195,,South America,Non resource-rich,Non PRCR,0,0,0
"Venezuela, Republica Bolivariana de",VE,VEN,VE,"Venezuela, Republica Bolivariana de",Venezuela,Latin America and the Caribbean,UMIC,Non LDC,Non SIDS,Non DAC,Developing Country,Fragile,28870195,,South America,Non resource-rich,Non PRCR,0,0,0
"Venezuela, Bolivarian Republic of",VE,VEN,VE,"Venezuela, Bolivarian Republic of",Venezuela,Latin America and the Caribbean,UMIC,Non LDC,Non SIDS,Non DAC,Developing Country,Fragile,28870195,,South America,Non resource-rich,Non PRCR,0,0,0
Venezuela (Bolivarian Rep. of),VE,VEN,VE,Venezuela (Bolivarian Rep. of),Venezuela,Latin America and the Caribbean,UMIC,Non LDC,Non SIDS,Non DAC,Developing Country,Fragile,28870195,,South America,Non resource-rich,Non PRCR,0,0,0
Venezuela (Bolivarian Republic of),VE,VEN,VE,Venezuela (Bolivarian Republic of),Venezuela,Latin America and the Caribbean,UMIC,Non LDC,Non SIDS,Non DAC,Developing Country,Fragile,28870195,,South America,Non resource-rich,Non PRCR,0,0,0
Bolivarian Republic of Venezuela,VE,VEN,VE,Bolivarian Republic of Venezuela,Venezuela,Latin America and the Caribbean,UMIC,Non LDC,Non SIDS,Non DAC,Developing Country,Fragile,28870195,,South America,Non resource-rich,Non PRCR,0,0,0
Viet Nam,VN,VNM,VN,Viet Nam,Viet Nam,Asia,LMIC,Non LDC,Non SIDS,Non DAC,Developing Country,Not fragile,95540395,,South-eastern Asia,Resource-rich,Non PRCR,0,0,0
Vietnam,VN,VNM,VN,Vietnam,Viet Nam,Asia,LMIC,Non LDC,Non SIDS,Non DAC,Developing Country,Not fragile,95540395,,South-eastern Asia,Resource-rich,Non PRCR,0,0,0
"Virgin Islands, US",VI,VIR,VI,"Virgin Islands, US",,Latin America and the Caribbean,HIC,Non LDC,SIDS,Non DAC,Not Developing,Not Fragile,106977,,Caribbean,Non resource-rich,Non PRCR,0,,
Virgin Islands (U.S.),VI,VIR,VI,Virgin Islands (U.S.),,Latin America and the Caribbean,HIC,Non LDC,SIDS,Non DAC,Not Developing,Not Fragile,106977,,Caribbean,Non resource-rich,Non PRCR,0,,
Virgin Islands,VI,VIR,VI,Virgin Islands,,Latin America and the Caribbean,HIC,Non LDC,SIDS,Non DAC,Not Developing,Not Fragile,106977,,Caribbean,Non resource-rich,Non PRCR,0,,
U.S. Virgin Islands,VI,VIR,VI,Virgin Islands,,Latin America and the Caribbean,HIC,Non LDC,SIDS,Non DAC,Not Developing,Not Fragile,106977,,Caribbean,Non resource-rich,Non PRCR,0,,
United States Virgin Islands,VI,VIR,VI,United States Virgin Islands,,Latin America and the Caribbean,HIC,Non LDC,SIDS,Non DAC,Not Developing,Not Fragile,106977,,Caribbean,Non resource-rich,Non PRCR,0,,
Wallis and Futuna Islands,WF,WLF,WF,Wallis and Futuna Islands,,Oceania,,Non LDC,Non SIDS,Non DAC,Developing Country,Not fragile,,,Polynesia,Non resource-rich,Non PRCR,0,,
Wallis & Futuna Islands,WF,WLF,WF,Wallis & Futuna Islands,,Oceania,,Non LDC,Non SIDS,Non DAC,Developing Country,Not fragile,,,Polynesia,Non resource-rich,Non PRCR,0,,
Wallis and Futuna,WF,WLF,WF,Wallis and Futuna,,Oceania,,Non LDC,Non SIDS,Non DAC,Developing Country,Not fragile,,,Polynesia,Non resource-rich,Non PRCR,0,,
Western Sahara,EH,ESH,EH,Western Sahara,,Africa,,Non LDC,Non SIDS,Non DAC,Not Developing,Not Fragile,,,Northern Africa,Non resource-rich,Non PRCR,0,,
Yemen,YE,YEM,YE,Yemen,Yemen,Asia,LIC,LDC,Non SIDS,Non DAC,Developing Country,Extremely fragile,28498687,,Western Asia,Resource-rich,PRCR,1,1,0
"Yemen, Rep.",YE,YEM,YE,"Yemen, Rep.",Yemen,Asia,LIC,LDC,Non SIDS,Non DAC,Developing Country,Extremely fragile,28498687,,Western Asia,Resource-rich,PRCR,1,1,0
"Yemen, Republic of",YE,YEM,YE,"Yemen, Republic of",Yemen,Asia,LIC,LDC,Non SIDS,Non DAC,Developing Country,Extremely fragile,28498687,,Western Asia,Resource-rich,PRCR,1,1,0
"Yemen, Arab Republic",YE,YEM,YE,"Yemen, Arab Republic",Yemen,Asia,LIC,LDC,Non SIDS,Non DAC,Developing Country,Extremely fragile,28498687,,Western Asia,Resource-rich,PRCR,1,1,0
Zambia,ZM,ZMB,ZM,Zambia,Zambia,Africa,LMIC,LDC,Non SIDS,Non DAC,Developing Country,Fragile,17351822,,Eastern Africa,Resource-rich,Non PRCR,1,1,0
Zimbabwe,ZW,ZWE,ZW,Zimbabwe,Zimbabwe,Africa,LMIC,Non LDC,Non SIDS,Non DAC,Developing Country,Fragile,14439018,,Eastern Africa,Non resource-rich,PRCR,0,0,0
